,Player,Nation,Pos,Squad.2,Age,Born,90s,SCA,SCA90,PassLive,PassDead,TO,Sh,Fld,Def,GCA,GCA90,PassLive1,PassDead1,TO1,Sh1,Fld1,Def1
0,Patrick van Aanholt,nl NED,"MF,DF",PSV Eindhoven,32,1990,1.1,1,0.91,0,0,0,1,0,0,0,0.00,0,0,0,0,0,0
1,Brenden Aaronson,us USA,MF,Union Berlin,22,2000,1.5,1,0.65,1,0,0,0,0,0,0,0.00,0,0,0,0,0,0
2,Salis Abdul Samed,gh GHA,MF,Lens,23,2000,5.5,12,2.18,10,0,0,0,1,1,0,0.00,0,0,0,0,0,0
3,Francesco Acerbi,it ITA,DF,Inter,35,1988,4.7,2,0.46,2,0,0,0,0,0,1,0.23,1,0,0,0,0,0
4,Elias Achouri,tn TUN,"FW,MF",FC Copenhagen,24,1999,6.1,19,3.09,10,0,5,3,1,0,1,0.16,1,0,0,0,0,0
5,Marcos Acuña,ar ARG,DF,Sevilla,31,1991,2.2,1,0.45,1,0,0,0,0,0,1,0.45,1,0,0,0,0,0
6,Karim Adeyemi,de GER,FW,Dortmund,21,2002,7.9,28,3.57,19,2,3,3,1,0,1,0.13,1,0,0,0,0,0
7,Yacine Adli,fr FRA,MF,Milan,23,2000,1.4,3,2.20,3,0,0,0,0,0,0,0.00,0,0,0,0,0,0
8,Ruben Aguilar,fr FRA,DF,Lens,30,1993,1.1,0,0.00,0,0,0,0,0,0,0,0.00,0,0,0,0,0,0
9,Manuel Akanji,ch SUI,"DF,MF",Manchester City,28,1995,7.4,11,1.49,9,0,0,1,1,0,0,0.00,0,0,0,0,0,0
10,Nathan Aké,nl NED,"DF,MF",Manchester City,28,1995,4.3,17,3.98,16,0,0,1,0,0,1,0.23,1,0,0,0,0,0
11,Kerem Aktürkoğlu,tr TUR,"MF,FW",Galatasaray,24,1998,4.9,17,3.48,10,5,1,1,0,0,0,0.00,0,0,0,0,0,0
12,David Alaba,at AUT,DF,Real Madrid,31,1992,2.8,3,1.08,2,1,0,0,0,0,1,0.36,1,0,0,0,0,0
13,Luis Alberto,es ESP,MF,Lazio,30,1992,7.1,39,5.48,26,12,1,0,0,0,2,0.28,2,0,0,0,0,0
14,Toby Alderweireld,be BEL,DF,Antwerp,34,1989,5.0,8,1.60,5,1,1,1,0,0,0,0.00,0,0,0,0,0,0
15,Mohamed Ali Cho,fr FRA,"FW,MF",Real Sociedad,19,2004,1.5,2,1.37,2,0,0,0,0,0,0,0.00,0,0,0,0,0,0
16,Miguel Almirón,py PAR,FW,Newcastle Utd,29,1994,4.6,17,3.70,13,0,0,1,2,1,2,0.44,1,0,0,1,0,0
17,Marcos Alonso,es ESP,"DF,FW",Barcelona,32,1990,1.5,2,1.29,2,0,0,0,0,0,0,0.00,0,0,0,0,0,0
18,Barış Alper Yılmaz,tr TUR,"FW,MF",Galatasaray,23,2000,1.4,5,3.57,3,0,0,0,2,0,1,0.71,1,0,0,0,0,0
19,Julián Álvarez,ar ARG,"MF,FW",Manchester City,23,2000,3.1,27,9.64,12,9,2,4,0,0,4,1.43,2,1,1,0,0,0
20,Mohamed Aly Camara,gn GUI,DF,Young Boys,25,1997,5.0,4,0.80,3,0,1,0,0,0,3,0.60,2,0,1,0,0,0
21,Aurele Amenda,ch SUI,DF,Young Boys,20,2003,3.5,2,0.57,2,0,0,0,0,0,0,0.00,0,0,0,0,0,0
22,Sofyan Amrabat,ma MAR,"MF,DF",Manchester Utd,26,1996,3.6,4,1.11,3,1,0,0,0,0,0,0.00,0,0,0,0,0,0
23,Elliot Anderson,eng ENG,MF,Newcastle Utd,20,2002,0.5,1,2.00,1,0,0,0,0,0,0,0.00,0,0,0,0,0,0
24,Felipe Anderson,br BRA,FW,Lazio,30,1993,6.0,17,2.82,16,0,1,0,0,0,1,0.17,1,0,0,0,0,0
26,Angeliño,es ESP,DF,Galatasaray,26,1997,4.7,10,2.12,9,1,0,0,0,0,2,0.42,2,0,0,0,0,0
27,Peter Ankersen,dk DEN,DF,FC Copenhagen,32,1990,5.2,8,1.55,7,0,1,0,0,0,1,0.19,1,0,0,0,0,0
28,Antony,br BRA,FW,Manchester Utd,23,2000,2.6,11,4.27,9,0,1,0,1,0,1,0.39,1,0,0,0,0,0
29,Jon Aramburu,ve VEN,DF,Real Sociedad,21,2002,0.0,0,0.00,0,0,0,0,0,0,0,0.00,0,0,0,0,0,0
30,Ronald Araújo,uy URU,DF,Barcelona,24,1999,7.3,10,1.37,7,1,0,1,0,1,0,0.00,0,0,0,0,0,0
31,Tomás Araújo,pt POR,DF,Benfica,21,2002,1.8,3,1.68,3,0,0,0,0,0,0,0.00,0,0,0,0,0,0
32,Marko Arnautović,at AUT,FW,Inter,34,1989,2.1,1,0.47,1,0,0,0,0,0,0,0.00,0,0,0,0,0,0
33,Kepa Arrizabalaga,es ESP,GK,Real Madrid,28,1994,4.0,1,0.25,1,0,0,0,0,0,0,0.00,0,0,0,0,0,0
34,Marco Asensio,es ESP,"FW,MF",Paris S-G,27,1996,1.4,6,4.35,4,0,0,2,0,0,1,0.73,0,0,0,1,0,0
35,Kristjan Asllani,al ALB,MF,Inter,21,2002,2.3,5,2.20,2,1,2,0,0,0,0,0.00,0,0,0,0,0,0
36,Otavio Ataide,br BRA,DF,Porto,21,2002,2.3,1,0.50,1,0,0,0,0,0,1,0.50,1,0,0,0,0,0
37,Emil Audero,it ITA,GK,Inter,26,1997,1.0,0,0.00,0,0,0,0,0,0,0,0.00,0,0,0,0,0,0
38,Carlos Augusto,br BRA,"DF,FW",Inter,24,1999,5.3,6,1.14,3,2,0,1,0,0,0,0.00,0,0,0,0,0,0
39,Yann Aurel Bisseck,de GER,DF,Inter,22,2000,1.9,9,5.70,6,0,1,1,1,0,1,0.63,0,0,0,1,0,0
40,Fredrik Aursnes,no NOR,"DF,MF",Benfica,27,1995,6.0,14,2.33,13,1,0,0,0,0,1,0.17,1,0,0,0,0,0
41,Kaan Ayhan,tr TUR,"MF,DF",Galatasaray,28,1994,4.2,12,2.84,11,0,0,0,0,1,1,0.24,1,0,0,0,0,0
42,Neil El Aynaoui,fr FRA,MF,Lens,22,2001,1.5,1,0.65,1,0,0,0,0,0,0,0.00,0,0,0,0,0,0
43,Irakli Azarov,ge GEO,DF,Shakhtar,21,2002,3.3,8,2.43,8,0,0,0,0,0,1,0.30,1,0,0,0,0,0
44,César Azpilicueta,es ESP,DF,Atlético Madrid,33,1989,3.2,3,1.01,3,0,0,0,0,0,1,0.34,1,0,0,0,0,0
45,Isaac Babadi,nl NED,"FW,MF",PSV Eindhoven,18,2005,0.2,1,4.09,1,0,0,0,0,0,0,0.00,0,0,0,0,0,0
46,Loïc Bade,fr FRA,DF,Sevilla,23,2000,1.1,0,0.00,0,0,0,0,0,0,0,0.00,0,0,0,0,0,0
47,Alexander Bah,dk DEN,DF,Benfica,25,1997,2.1,5,2.36,3,2,0,0,0,0,0,0.00,0,0,0,0,0,0
48,Samson Baidoo,at AUT,DF,RB Salzburg,19,2004,3.4,4,1.19,3,0,0,1,0,0,0,0.00,0,0,0,0,0,0
49,Cédric Bakambu,cd COD,FW,Galatasaray,32,1991,0.4,1,2.37,0,0,0,1,0,0,0,0.00,0,0,0,0,0,0
50,Johan Bakayoko,be BEL,FW,PSV Eindhoven,20,2003,7.2,36,4.99,27,2,6,0,1,0,1,0.14,1,0,0,0,0,0
52,Alejandro Balde,es ESP,DF,Barcelona,19,2003,3.7,5,1.36,5,0,0,0,0,0,0,0.00,0,0,0,0,0,0
53,Michel-Ange Balikwisha,be BEL,"FW,MF",Antwerp,22,2001,4.3,11,2.58,8,2,0,0,0,1,0,0.00,0,0,0,0,0,0
54,David von Ballmoos,ch SUI,GK,Young Boys,28,1994,1.0,0,0.00,0,0,0,0,0,0,0,0.00,0,0,0,0,0,0
55,Simon Banza,cd COD,FW,Braga,26,1996,3.8,5,1.32,5,0,0,0,0,0,1,0.26,1,0,0,0,0,0
56,Bradley Barcola,fr FRA,"FW,DF",Paris S-G,20,2002,5.3,23,4.36,16,0,6,0,1,0,2,0.38,1,0,1,0,0,0
57,Abdülkerim Bardakcı,tr TUR,DF,Galatasaray,28,1994,6.0,3,0.50,2,0,0,1,0,0,1,0.17,1,0,0,0,0,0
58,Roony Bardghji,se SWE,"MF,FW",FC Copenhagen,17,2005,1.6,4,2.47,2,0,2,0,0,0,0,0.00,0,0,0,0,0,0
59,Nicolò Barella,it ITA,MF,Inter,26,1997,5.2,27,5.19,25,1,0,1,0,0,3,0.58,2,0,0,1,0,0
60,Harvey Barnes,eng ENG,FW,Newcastle Utd,25,1997,0.0,0,0.00,0,0,0,0,0,0,0,0.00,0,0,0,0,0,0
61,Romário Baró,pt POR,MF,Porto,23,2000,0.7,2,2.86,2,0,0,0,0,0,0,0.00,0,0,0,0,0,0
62,Ander Barrenetxea,es ESP,"FW,MF",Real Sociedad,21,2001,4.4,21,4.76,16,0,3,1,1,0,3,0.68,1,0,2,0,0,0
63,Pablo Barrios,es ESP,MF,Atlético Madrid,20,2003,2.9,5,1.94,5,0,0,0,0,0,1,0.39,1,0,0,0,0,0
64,Davide Bartesaghi,it ITA,FW,Milan,17,2005,0.0,0,0.00,0,0,0,0,0,0,0,0.00,0,0,0,0,0,0
65,Alessandro Bastoni,it ITA,DF,Inter,24,1999,5.6,13,2.34,13,0,0,0,0,0,2,0.36,2,0,0,0,0,0
66,Jelle Bataille,be BEL,DF,Antwerp,24,1999,4.6,10,2.20,9,1,0,0,0,0,1,0.22,1,0,0,0,0,0
67,Christoph Baumgartner,at AUT,MF,RB Leipzig,23,1999,1.3,5,3.78,3,0,0,1,1,0,1,0.76,0,0,0,1,0,0
68,Sheraldo Becker,sr SUR,FW,Union Berlin,28,1995,4.1,12,2.96,10,0,0,2,0,0,1,0.25,0,0,0,1,0,0
69,Sheraldo Becker,sr SUR,FW,Real Sociedad,28,1995,0.7,0,0.00,0,0,0,0,0,0,0,0.00,0,0,0,0,0,0
70,Thomas Beelen,nl NED,DF,Feyenoord,22,2001,0.9,1,1.15,1,0,0,0,0,0,0,0.00,0,0,0,0,0,0
71,Kevin Behrens,de GER,FW,Union Berlin,32,1991,3.3,3,0.90,1,0,1,0,0,1,0,0.00,0,0,0,0,0,0
72,Armel Bella Kotchap,de GER,DF,PSV Eindhoven,21,2001,0.9,1,1.07,1,0,0,0,0,0,0,0.00,0,0,0,0,0,0
73,Jude Bellingham,eng ENG,"MF,FW",Real Madrid,20,2003,11.0,48,4.50,34,0,5,4,4,1,7,0.66,5,0,1,0,0,1
74,Walter Benítez,ar ARG,GK,PSV Eindhoven,30,1993,8.0,2,0.25,2,0,0,0,0,0,0,0.00,0,0,0,0,0,0
75,Loris Benito,ch SUI,DF,Young Boys,31,1992,4.5,2,0.44,2,0,0,0,0,0,0,0.00,0,0,0,0,0,0
76,Ramy Bensebaini,dz ALG,DF,Dortmund,28,1995,4.2,10,2.41,8,1,0,0,1,0,1,0.24,1,0,0,0,0,0
78,Lucas Beraldo,br BRA,DF,Paris S-G,19,2003,4.5,2,0.44,2,0,0,0,0,0,0,0.00,0,0,0,0,0,0
79,Paulo Bernardo,pt POR,MF,Celtic,21,2002,3.5,3,0.87,3,0,0,0,0,0,0,0.00,0,0,0,0,0,0
80,Juan Bernat,es ESP,DF,Benfica,30,1993,1.2,0,0.00,0,0,0,0,0,0,0,0.00,0,0,0,0,0,0
81,Mads Bidstrup,dk DEN,MF,RB Salzburg,22,2001,5.5,2,0.36,2,0,0,0,0,0,0,0.00,0,0,0,0,0,0
82,Justin Bijlow,nl NED,GK,Feyenoord,25,1998,4.0,0,0.00,0,0,0,0,0,0,0,0.00,0,0,0,0,0,0
83,Janis Blaswich,de GER,GK,RB Leipzig,32,1991,5.0,1,0.20,1,0,0,0,0,0,1,0.20,1,0,0,0,0,0
84,Lewin Blum,ch SUI,DF,Young Boys,22,2001,2.4,4,1.66,3,0,0,0,0,1,0,0.00,0,0,0,0,0,0
85,Oscar Bobb,no NOR,"FW,MF",Manchester City,20,2003,2.4,12,4.95,8,0,2,2,0,0,0,0.00,0,0,0,0,0,0
86,Sacha Boey,fr FRA,DF,Galatasaray,22,2000,6.0,22,3.67,16,2,1,2,0,1,1,0.17,1,0,0,0,0,0
87,Nicolai Boilesen,dk DEN,"DF,FW",FC Copenhagen,31,1992,1.0,0,0.00,0,0,0,0,0,0,0,0.00,0,0,0,0,0,0
88,Valerii Bondar,ua UKR,DF,Shakhtar,24,1999,4.0,0,0.00,0,0,0,0,0,0,0,0.00,0,0,0,0,0,0
89,Artem Bondarenko,ua UKR,MF,Shakhtar,22,2000,2.5,9,3.67,7,0,1,1,0,0,1,0.41,1,0,0,0,0,0
90,Leonardo Bonucci,it ITA,DF,Union Berlin,36,1987,2.9,2,0.69,2,0,0,0,0,0,0,0.00,0,0,0,0,0,0
91,Gonçalo Borges,pt POR,FW,Porto,22,2001,0.4,0,0.00,0,0,0,0,0,0,0,0.00,0,0,0,0,0,0
92,Cristian Borja,co COL,DF,Braga,30,1993,5.7,17,2.96,15,1,0,0,1,0,0,0.00,0,0,0,0,0,0
93,Olivier Boscagli,fr FRA,DF,PSV Eindhoven,25,1997,6.8,12,1.77,10,2,0,0,0,0,0,0.00,0,0,0,0,0,0
94,Sven Botman,nl NED,DF,Newcastle Utd,23,2000,1.0,0,0.00,0,0,0,0,0,0,0,0.00,0,0,0,0,0,0
95,Julian Brandt,de GER,"MF,FW",Dortmund,27,1996,8.7,49,5.62,25,18,1,4,1,0,3,0.34,2,1,0,0,0,0
96,Bruma,pt POR,FW,Braga,28,1994,4.1,16,3.88,13,0,2,0,1,0,1,0.24,1,0,0,0,0,0
97,Osman Bukari,gh GHA,FW,Red Star,24,1998,5.4,23,4.25,15,2,3,2,0,1,3,0.55,1,0,0,2,0,0
98,Dan Burn,eng ENG,DF,Newcastle Utd,31,1992,3.1,1,0.32,0,1,0,0,0,0,0,0.00,0,0,0,0,0,0
99,Jean Butez,fr FRA,GK,Antwerp,28,1995,5.0,1,0.20,1,0,0,0,0,0,1,0.20,1,0,0,0,0,0
100,Arthur Cabral,br BRA,"FW,DF",Benfica,25,1998,1.3,4,3.00,3,0,1,0,0,0,2,1.50,1,0,1,0,0,0
101,Jens Cajuste,se SWE,MF,Napoli,23,1999,1.8,0,0.00,0,0,0,0,0,0,0,0.00,0,0,0,0,0,0
102,Davide Calabria,it ITA,DF,Milan,26,1996,4.8,12,2.52,11,1,0,0,0,0,1,0.21,1,0,0,0,0,0
104,Hakan Çalhanoğlu,tr TUR,MF,Inter,29,1994,5.7,22,4.13,12,8,0,2,0,0,0,0.00,0,0,0,0,0,0
105,Eduardo Camavinga,fr FRA,MF,Real Madrid,20,2002,8.8,19,2.25,16,0,1,1,1,0,1,0.12,1,0,0,0,0,0
106,Emre Can,de GER,"MF,DF",Dortmund,29,1994,10.1,13,1.29,11,0,2,0,0,0,1,0.10,1,0,0,0,0,0
107,João Cancelo,pt POR,DF,Barcelona,29,1994,9.0,33,3.68,23,2,5,0,1,2,3,0.33,2,0,1,0,0,0
108,Nicolás Capaldo,ar ARG,"MF,DF",RB Salzburg,25,1997,2.4,6,2.56,5,0,0,1,0,0,0,0.00,0,0,0,0,0,0
109,Fábio Cardoso,pt POR,DF,Porto,29,1994,3.0,0,0.00,0,0,0,0,0,0,0,0.00,0,0,0,0,0,0
110,David Carmo,ao ANG,DF,Porto,24,1999,4.0,3,0.75,2,0,0,0,0,1,0,0.00,0,0,0,0,0,0
111,Cameron Carter-Vickers,us USA,DF,Celtic,25,1997,3.3,1,0.30,1,0,0,0,0,0,0,0.00,0,0,0,0,0,0
112,Dani Carvajal,es ESP,DF,Real Madrid,31,1992,9.4,20,2.13,17,1,0,1,0,1,1,0.11,1,0,0,0,0,0
113,Fabio Carvalho,pt POR,MF,RB Leipzig,20,2002,1.4,3,2.20,1,0,0,1,1,0,0,0.00,0,0,0,0,0,0
114,Vitor Carvalho,br BRA,MF,Braga,26,1997,2.9,3,1.02,3,0,0,0,0,0,0,0.00,0,0,0,0,0,0
115,Marc Casado,es ESP,MF,Barcelona,19,2003,0.3,1,3.75,1,0,0,0,0,0,0,0.00,0,0,0,0,0,0
116,Nicolò Casale,it ITA,DF,Lazio,25,1998,2.0,0,0.00,0,0,0,0,0,0,0,0.00,0,0,0,0,0,0
117,Casemiro,br BRA,MF,Manchester Utd,31,1992,1.8,5,2.71,5,0,0,0,0,0,2,1.08,2,0,0,0,0,0
118,Valentín Castellanos,ar ARG,FW,Lazio,24,1998,2.4,5,2.06,4,0,0,0,1,0,1,0.41,0,0,0,0,1,0
119,André Castro,pt POR,MF,Braga,35,1988,0.1,0,0.00,0,0,0,0,0,0,0,0.00,0,0,0,0,0,0
120,Danilo Cataldi,it ITA,MF,Lazio,28,1994,1.8,4,2.25,3,0,0,1,0,0,1,0.56,1,0,0,0,0,0
121,Dani Ceballos,es ESP,MF,Real Madrid,26,1996,1.7,7,4.14,5,1,1,0,0,0,0,0.00,0,0,0,0,0,0
122,Miguel Chaiwa,zm ZAM,MF,Young Boys,19,2004,0.7,1,1.50,0,0,0,0,0,1,0,0.00,0,0,0,0,0,0
123,Chiquinho,pt POR,MF,Benfica,28,1995,0.6,1,1.55,1,0,0,0,0,0,0,0.00,0,0,0,0,0,0
124,Andreas Christensen,dk DEN,"DF,MF",Barcelona,27,1996,4.9,6,1.23,4,0,1,1,0,0,0,0.00,0,0,0,0,0,0
125,Samuel Chukwueze,ng NGA,FW,Milan,24,1999,1.8,11,5.96,8,0,1,2,0,0,1,0.54,0,0,1,0,0,0
126,Viktor Claesson,se SWE,"FW,MF",FC Copenhagen,31,1992,5.3,11,2.07,9,0,1,1,0,0,2,0.38,1,0,0,1,0,0
127,William Clem,dk DEN,MF,FC Copenhagen,19,2004,0.8,0,0.00,0,0,0,0,0,0,0,0.00,0,0,0,0,0,0
128,Ebrima Colley,gm GAM,"MF,FW",Young Boys,23,2000,1.4,1,0.71,1,0,0,0,0,0,0,0.00,0,0,0,0,0,0
130,Kingsley Coman,fr FRA,FW,Bayern Munich,27,1996,5.0,15,3.03,12,0,1,1,1,0,0,0.00,0,0,0,0,0,0
131,Francisco Conceição,pt POR,"FW,MF",Porto,20,2002,2.7,10,3.72,7,1,2,0,0,0,1,0.37,1,0,0,0,0,0
132,Kobe Corbanie,be BEL,"DF,FW",Antwerp,18,2005,0.4,0,0.00,0,0,0,0,0,0,0,0.00,0,0,0,0,0,0
133,Andreas Cornelius,dk DEN,"FW,MF",FC Copenhagen,30,1993,0.9,3,3.29,3,0,0,0,0,0,0,0.00,0,0,0,0,0,0
134,Ángel Correa,ar ARG,"FW,MF",Atlético Madrid,28,1995,3.6,24,7.35,18,0,3,3,0,0,2,0.61,0,0,0,2,0,0
135,David Costa,pt POR,"MF,FW",Lens,22,2001,1.3,0,0.00,0,0,0,0,0,0,0,0.00,0,0,0,0,0,0
136,Diogo Costa,pt POR,GK,Porto,23,1999,8.3,0,0.00,0,0,0,0,0,0,0,0.00,0,0,0,0,0,0
137,Soumaïla Coulibaly,fr FRA,DF,Antwerp,19,2003,6.0,3,0.50,3,0,0,0,0,0,0,0.00,0,0,0,0,0,0
138,Thibaut Courtois,be BEL,GK,Real Madrid,31,1992,1.0,0,0.00,0,0,0,0,0,0,0,0.00,0,0,0,0,0,0
139,Juan Cuadrado,co COL,"DF,FW",Inter,35,1988,1.3,2,1.59,2,0,0,0,0,0,0,0.00,0,0,0,0,0,0
140,Pau Cubarsí,es ESP,DF,Barcelona,16,2007,3.0,5,1.67,4,0,0,1,0,0,2,0.67,2,0,0,0,0,0
141,Diogo Dalot,pt POR,DF,Manchester Utd,24,1999,5.1,8,1.56,8,0,0,0,0,0,1,0.19,1,0,0,0,0,0
142,Kevin Danso,at AUT,DF,Lens,24,1998,6.0,5,0.83,5,0,0,0,0,0,1,0.17,1,0,0,0,0,0
143,Matteo Darmian,it ITA,"DF,FW",Inter,33,1989,4.5,10,2.39,7,1,1,1,0,0,0,0.00,0,0,0,0,0,0
144,David Datro Fofana,ci CIV,FW,Union Berlin,20,2002,2.2,6,2.71,6,0,0,0,0,0,0,0.00,0,0,0,0,0,0
145,Alphonso Davies,ca CAN,DF,Bayern Munich,22,2000,7.8,12,1.53,12,0,0,0,0,0,0,0.00,0,0,0,0,0,0
146,Kevin De Bruyne,be BEL,MF,Manchester City,32,1991,2.2,11,4.93,5,5,0,0,1,0,0,0.00,0,0,0,0,0,0
147,Ritchie De Laet,be BEL,DF,Antwerp,34,1988,2.5,3,1.21,3,0,0,0,0,0,0,0.00,0,0,0,0,0,0
148,Rodrigo De Paul,ar ARG,MF,Atlético Madrid,29,1994,6.8,23,3.39,20,1,0,0,2,0,0,0.00,0,0,0,0,0,0
149,Amar Dedić,ba BIH,DF,RB Salzburg,20,2002,6.0,9,1.50,5,1,2,0,0,1,0,0.00,0,0,0,0,0,0
150,Miloš Degenek,au AUS,FW,Red Star,29,1994,0.1,0,0.00,0,0,0,0,0,0,0,0.00,0,0,0,0,0,0
151,Ousmane Dembélé,fr FRA,"FW,MF",Paris S-G,26,1997,10.6,56,5.31,41,7,4,2,2,0,7,0.66,3,2,0,1,1,0
152,Kerem Demirbay,de GER,MF,Galatasaray,30,1993,0.7,0,0.00,0,0,0,0,0,0,0,0.00,0,0,0,0,0,0
153,Thomas van den Belt,nl NED,MF,Feyenoord,22,2001,0.4,0,0.00,0,0,0,0,0,0,0,0.00,0,0,0,0,0,0
154,Sergiño Dest,us USA,DF,PSV Eindhoven,22,2000,7.2,12,1.67,11,0,1,0,0,0,1,0.14,1,0,0,0,0,0
156,Giovanni Di Lorenzo,it ITA,DF,Napoli,29,1993,8.0,18,2.25,17,0,0,1,0,0,2,0.25,2,0,0,0,0,0
157,Ángel Di María,ar ARG,FW,Benfica,35,1988,4.6,19,4.15,11,6,0,1,1,0,3,0.66,3,0,0,0,0,0
158,Rúben Dias,pt POR,DF,Manchester City,26,1997,8.5,12,1.47,10,0,0,2,0,0,2,0.25,1,0,0,1,0,0
159,Brahim Díaz,ma MAR,"MF,FW",Real Madrid,23,1999,3.6,21,6.45,14,0,5,2,0,0,4,1.23,1,0,3,0,0,0
160,Eric Dier,eng ENG,DF,Bayern Munich,29,1994,5.0,1,0.20,0,1,0,0,0,0,0,0.00,0,0,0,0,0,0
161,Kevin Diks,id IDN,DF,FC Copenhagen,26,1996,7.9,9,1.15,8,1,0,0,0,0,0,0.00,0,0,0,0,0,0
162,Javairô Dilrosun,nl NED,DF,Feyenoord,25,1998,0.1,3,22.50,1,1,0,1,0,0,0,0.00,0,0,0,0,0,0
163,Federico Dimarco,it ITA,DF,Inter,25,1997,4.0,9,2.23,7,1,0,1,0,0,0,0.00,0,0,0,0,0,0
164,Andy Diouf,fr FRA,MF,Lens,20,2003,0.4,2,4.74,0,2,0,0,0,0,0,0.00,0,0,0,0,0,0
165,Novatus Dismas,tz TAN,DF,Shakhtar,20,2002,1.0,1,1.00,1,0,0,0,0,0,0,0.00,0,0,0,0,0,0
166,Álvaro djaló,es ESP,FW,Braga,23,1999,4.5,16,3.55,10,0,1,2,3,0,0,0.00,0,0,0,0,0,0
167,Nasser Djiga,bf BFA,DF,Red Star,20,2002,6.0,2,0.33,1,0,0,0,0,1,0,0.00,0,0,0,0,0,0
168,Marko Dmitrović,rs SRB,GK,Sevilla,31,1992,4.0,0,0.00,0,0,0,0,0,0,0,0.00,0,0,0,0,0,0
169,Danilho Doekhi,nl NED,DF,Union Berlin,25,1998,2.9,4,1.39,4,0,0,0,0,0,1,0.35,1,0,0,0,0,0
170,Jeremy Doku,be BEL,"FW,MF",Manchester City,21,2002,3.4,25,8.21,20,0,4,1,0,0,2,0.66,2,0,0,0,0,0
171,Gianluigi Donnarumma,it ITA,GK,Paris S-G,24,1999,12.0,1,0.08,1,0,0,0,0,0,0,0.00,0,0,0,0,0,0
172,Nene Dorgeles,ml MLI,"FW,MF",RB Salzburg,20,2002,1.5,5,3.26,4,0,0,0,1,0,0,0.00,0,0,0,0,0,0
173,Aleksandar Dragović,at AUT,DF,Red Star,32,1991,6.0,6,1.00,3,1,0,2,0,0,1,0.17,0,0,0,1,0,0
174,Martin Dúbravka,sk SVK,GK,Newcastle Utd,34,1989,1.0,0,0.00,0,0,0,0,0,0,0,0.00,0,0,0,0,0,0
175,Denzel Dumfries,nl NED,DF,Inter,27,1996,3.6,7,1.97,5,1,0,1,0,0,1,0.28,1,0,0,0,0,0
176,Ederson,br BRA,GK,Manchester City,29,1993,7.3,1,0.14,1,0,0,0,0,0,0,0.00,0,0,0,0,0,0
177,Jorge Eduardo Sánchez,mx MEX,DF,Porto,25,1997,2.1,5,2.87,3,1,0,0,1,0,0,0.00,0,0,0,0,0,0
178,Eguinaldo,br BRA,"MF,FW",Shakhtar,18,2004,0.2,1,5.63,0,1,0,0,0,0,0,0.00,0,0,0,0,0,0
179,Chidera Ejuke,ng NGA,FW,Antwerp,25,1998,1.7,7,4.09,3,3,0,0,0,1,0,0.00,0,0,0,0,0,0
180,Jurgen Ekkelenkamp,nl NED,MF,Antwerp,23,2000,3.0,4,1.31,4,0,0,0,0,0,0,0.00,0,0,0,0,0,0
182,Meschak Elia,cd COD,"FW,MF",Young Boys,25,1997,5.5,18,3.25,14,0,2,0,1,1,0,0.00,0,0,0,0,0,0
183,Elif Elmas,mk MKD,MF,RB Leipzig,23,1999,0.2,1,4.29,1,0,0,0,0,0,0,0.00,0,0,0,0,0,0
184,Elif Elmas,mk MKD,"FW,MF",Napoli,23,1999,1.6,5,3.04,2,0,2,0,1,0,0,0.00,0,0,0,0,0,0
185,Mohamed Elneny,eg EGY,MF,Arsenal,31,1992,0.7,0,0.00,0,0,0,0,0,0,0,0.00,0,0,0,0,0,0
186,Aritz Elustondo,es ESP,DF,Real Sociedad,29,1994,1.9,1,0.52,1,0,0,0,0,0,0,0.00,0,0,0,0,0,0
187,Mohamed Elyounoussi,no NOR,"FW,MF",FC Copenhagen,28,1994,7.6,26,3.42,15,0,4,6,1,0,3,0.39,2,0,0,1,0,0
188,Youssef En-Nesyri,ma MAR,FW,Sevilla,26,1997,5.7,4,0.70,3,0,0,0,1,0,1,0.18,0,0,0,0,1,0
189,Luis Enrique Palma,hn HON,FW,Celtic,23,2000,3.0,5,1.69,2,1,1,1,0,0,0,0.00,0,0,0,0,0,0
190,Christian Eriksen,dk DEN,MF,Manchester Utd,31,1992,2.3,6,2.66,5,1,0,0,0,0,1,0.44,1,0,0,0,0,0
191,Stephen Eustáquio,ca CAN,MF,Porto,26,1996,5.9,15,2.63,7,6,1,0,1,0,2,0.35,0,1,0,0,1,0
192,Evanilson,br BRA,FW,Porto,23,1999,5.4,17,3.14,15,0,0,2,0,0,1,0.18,1,0,0,0,0,0
193,Jonny Evans,nir NIR,DF,Manchester Utd,35,1988,0.7,0,0.00,0,0,0,0,0,0,0,0.00,0,0,0,0,0,0
194,Rasmus Falk,dk DEN,MF,FC Copenhagen,31,1992,7.0,11,1.57,9,1,0,0,1,0,2,0.29,2,0,0,0,0,0
195,João Félix,pt POR,FW,Barcelona,23,1999,4.1,11,2.68,7,0,1,3,0,0,2,0.49,2,0,0,0,0,0
196,Bruno Fernandes,pt POR,"MF,FW",Manchester Utd,28,1994,6.0,27,4.50,19,5,1,0,1,1,3,0.50,1,2,0,0,0,0
197,Roger Fernandes,gw GNB,FW,Braga,17,2005,0.1,0,0.00,0,0,0,0,0,0,0,0.00,0,0,0,0,0,0
198,Carlos Fernández,es ESP,FW,Real Sociedad,27,1996,0.8,1,1.32,1,0,0,0,0,0,0,0.00,0,0,0,0,0,0
199,Fernando,br BRA,FW,RB Salzburg,24,1999,0.4,3,7.50,2,0,1,0,0,0,0,0.00,0,0,0,0,0,0
200,Fernando,br BRA,MF,Sevilla,36,1987,3.6,4,1.08,4,0,0,0,0,0,0,0.00,0,0,0,0,0,0
201,Alessandro Florenzi,it ITA,DF,Milan,32,1991,1.8,10,5.70,8,2,0,0,0,0,0,0.00,0,0,0,0,0,0
202,Phil Foden,eng ENG,"FW,MF",Manchester City,23,2000,7.6,38,5.25,31,0,4,3,0,0,10,1.38,8,0,2,0,0,0
203,Diogo Fonseca,pt POR,DF,Braga,21,2002,0.2,0,0.00,0,0,0,0,0,0,0,0.00,0,0,0,0,0,0
204,José Fonte,pt POR,DF,Braga,39,1983,4.0,1,0.25,0,0,0,1,0,0,0,0.00,0,0,0,0,0,0
205,James Forrest,sct SCO,FW,Celtic,32,1991,1.0,1,0.96,1,0,0,0,0,0,0,0.00,0,0,0,0,0,0
206,Emil Forsberg,se SWE,"MF,FW",RB Leipzig,31,1991,4.5,13,2.89,12,0,1,0,0,0,1,0.22,1,0,0,0,0,0
208,Amankwah Forson,gh GHA,"MF,FW",RB Salzburg,20,2002,0.8,2,2.65,2,0,0,0,0,0,0,0.00,0,0,0,0,0,0
209,Héctor Fort,es ESP,DF,Barcelona,16,2006,0.7,0,0.00,0,0,0,0,0,0,0,0.00,0,0,0,0,0,0
210,Mitchel Frame,sct SCO,FW,Celtic,17,2006,0.2,0,0.00,0,0,0,0,0,0,0,0.00,0,0,0,0,0,0
211,André Franco,pt POR,"MF,FW",Porto,25,1998,2.6,7,2.68,5,1,0,1,0,0,1,0.38,0,0,0,1,0,0
212,Przemysław Frankowski,pl POL,DF,Lens,28,1995,5.9,16,2.73,13,2,1,0,0,0,2,0.34,2,0,0,0,0,0
213,Davide Frattesi,it ITA,MF,Inter,23,1999,5.0,15,3.20,10,0,0,2,3,0,3,0.64,1,0,0,1,1,0
214,Victor Froholdt,dk DEN,MF,FC Copenhagen,17,2006,0.6,0,0.00,0,0,0,0,0,0,0,0.00,0,0,0,0,0,0
215,Angelo Fulgini,fr FRA,MF,Lens,26,1996,3.2,12,3.72,5,5,0,1,1,0,0,0.00,0,0,0,0,0,0
216,Niclas Füllkrug,de GER,FW,Dortmund,30,1993,11.5,32,2.78,28,0,1,3,0,0,8,0.69,6,0,1,1,0,0
217,Kyogo Furuhashi,jp JPN,FW,Celtic,28,1995,5.0,7,1.41,4,0,0,2,1,0,2,0.40,1,0,0,1,0,0
218,Gianluca Gaetano,it ITA,MF,Napoli,23,2000,0.2,3,12.27,3,0,0,0,0,0,0,0.00,0,0,0,0,0,0
219,Javi Galán,es ESP,DF,Atlético Madrid,28,1994,0.8,2,2.43,2,0,0,0,0,0,0,0.00,0,0,0,0,0,0
220,Javi Galán,es ESP,DF,Real Sociedad,28,1994,2.0,4,2.03,4,0,0,0,0,0,0,0.00,0,0,0,0,0,0
221,Galeno,br BRA,"MF,FW",Porto,25,1997,7.2,25,3.63,13,2,3,2,3,2,6,0.87,2,0,1,1,0,2
222,Silvère Ganvoula M'Boussy,cg CGO,FW,Young Boys,27,1996,1.3,5,3.88,3,0,0,1,1,0,0,0.00,0,0,0,0,0,0
223,Fran Garcia,es ESP,DF,Real Madrid,23,1999,2.1,6,2.86,6,0,0,0,0,0,2,0.95,2,0,0,0,0,0
224,Ulisses Garcia,ch SUI,DF,Young Boys,27,1996,5.6,25,4.48,16,3,3,3,0,0,2,0.36,1,0,0,1,0,0
225,Alejandro Garnacho,ar ARG,"FW,MF",Manchester Utd,19,2004,3.3,8,2.39,3,0,1,2,2,0,2,0.60,0,0,0,1,1,0
226,Gavi,es ESP,MF,Barcelona,18,2004,2.5,3,1.19,2,0,0,1,0,0,0,0.00,0,0,0,0,0,0
227,Lutsharel Geertruida,nl NED,DF,Feyenoord,23,2000,6.0,6,1.00,6,0,0,0,0,0,1,0.17,1,0,0,0,0,0
228,Mario Gila,es ESP,DF,Lazio,22,2000,3.9,1,0.26,1,0,0,0,0,0,0,0.00,0,0,0,0,0,0
229,Santiago Giménez,mx MEX,FW,Feyenoord,22,2001,3.9,8,2.07,3,0,1,2,2,0,1,0.26,1,0,0,0,0,0
230,Olivier Giroud,fr FRA,FW,Milan,36,1986,5.7,7,1.24,4,0,0,2,1,0,2,0.35,1,0,0,1,0,0
231,Jamie Gittens,eng ENG,FW,Dortmund,18,2004,2.3,9,3.95,5,0,2,0,2,0,1,0.44,0,0,0,0,1,0
232,Omri Glazer,il ISR,GK,Red Star,27,1996,6.0,1,0.17,1,0,0,0,0,0,0,0.00,0,0,0,0,0,0
234,Oscar Gloukh,il ISR,"MF,FW",RB Salzburg,19,2004,5.3,17,3.21,14,0,0,2,0,1,1,0.19,1,0,0,0,0,0
235,Serge Gnabry,de GER,FW,Bayern Munich,28,1995,2.2,3,1.35,3,0,0,0,0,0,0,0.00,0,0,0,0,0,0
236,Giorgi Gocholeishvili,ge GEO,DF,Shakhtar,22,2001,3.2,1,0.32,1,0,0,0,0,0,1,0.32,1,0,0,0,0,0
237,Sergio Gómez,es ESP,"DF,FW",Manchester City,22,2000,2.2,10,4.64,10,0,0,0,0,0,0,0.00,0,0,0,0,0,0
238,Victor Gomez,es ESP,DF,Braga,23,2000,3.5,14,4.04,13,1,0,0,0,0,0,0.00,0,0,0,0,0,0
239,Diogo Gonçalves,pt POR,MF,FC Copenhagen,26,1997,5.9,13,2.21,8,2,1,2,0,0,2,0.34,2,0,0,0,0,0
240,Nicolás González,es ESP,MF,Porto,21,2002,2.5,6,2.43,6,0,0,0,0,0,0,0.00,0,0,0,0,0,0
241,Anthony Gordon,eng ENG,FW,Newcastle Utd,22,2001,4.9,11,2.27,7,0,0,1,3,0,1,0.21,1,0,0,0,0,0
242,Leon Goretzka,de GER,"MF,DF",Bayern Munich,28,1995,8.5,24,2.84,18,1,0,3,0,2,3,0.35,3,0,0,0,0,0
243,Robin Gosens,de GER,"DF,MF",Union Berlin,29,1994,4.9,6,1.23,5,0,0,0,1,0,0,0.00,0,0,0,0,0,0
244,Lucas Gourna-Douath,fr FRA,MF,RB Salzburg,19,2003,4.4,13,2.93,11,0,1,0,0,1,0,0.00,0,0,0,0,0,0
245,Tiago Gouveia,pt POR,FW,Benfica,22,2001,0.3,0,0.00,0,0,0,0,0,0,0,0.00,0,0,0,0,0,0
246,Kamil Grabara,pl POL,GK,FC Copenhagen,24,1999,8.0,0,0.00,0,0,0,0,0,0,0,0.00,0,0,0,0,0,0
247,Jonathan Gradit,fr FRA,DF,Lens,30,1992,5.7,5,0.88,5,0,0,0,0,0,0,0.00,0,0,0,0,0,0
248,Jack Grealish,eng ENG,"FW,MF",Manchester City,27,1995,5.9,35,5.94,23,3,2,3,4,0,5,0.85,3,0,0,1,1,0
249,Antoine Griezmann,fr FRA,"FW,MF",Atlético Madrid,32,1991,9.1,49,5.38,34,12,1,1,1,0,4,0.44,3,0,0,1,0,0
250,Marko Grujić,rs SRB,MF,Porto,27,1996,0.6,0,0.00,0,0,0,0,0,0,0,0.00,0,0,0,0,0,0
251,Nemanja Gudelj,rs SRB,DF,Sevilla,31,1991,6.0,4,0.67,3,0,0,0,0,1,1,0.17,1,0,0,0,0,0
252,Gonçalo Guedes,pt POR,FW,Benfica,26,1996,0.3,2,6.21,2,0,0,0,0,0,0,0.00,0,0,0,0,0,0
253,Mattéo Guendouzi,fr FRA,MF,Lazio,24,1999,5.5,13,2.36,10,0,0,1,1,1,1,0.18,1,0,0,0,0,0
254,Raphaël Guerreiro,pt POR,"DF,FW",Bayern Munich,29,1993,4.3,8,1.86,7,0,0,1,0,0,2,0.47,1,0,0,1,0,0
255,Morgan Guilavogui,gn GUI,"FW,MF",Lens,25,1998,0.8,5,6.43,2,0,0,2,1,0,0,0.00,0,0,0,0,0,0
256,Bruno Guimarães,br BRA,MF,Newcastle Utd,25,1997,6.0,18,3.00,16,0,0,0,2,0,1,0.17,1,0,0,0,0,0
257,Marc Guiu,es ESP,FW,Barcelona,17,2006,0.4,0,0.00,0,0,0,0,0,0,0,0.00,0,0,0,0,0,0
258,Péter Gulácsi,hu HUN,GK,RB Leipzig,33,1990,3.0,0,0.00,0,0,0,0,0,0,0,0.00,0,0,0,0,0,0
260,İlkay Gündoğan,de GER,MF,Barcelona,32,1990,9.3,41,4.41,27,11,2,1,0,0,7,0.75,4,2,0,1,0,0
261,Joško Gvardiol,hr CRO,DF,Manchester City,21,2002,6.3,19,3.17,18,0,1,0,0,0,3,0.50,3,0,0,0,0,0
262,Erling Haaland,no NOR,FW,Manchester City,23,2000,8.6,18,2.09,12,0,2,3,1,0,2,0.23,2,0,0,0,0,0
263,Janik Haberer,de GER,MF,Union Berlin,29,1994,4.0,9,2.28,8,0,0,0,1,0,0,0.00,0,0,0,0,0,0
264,Amadou Haidara,ml MLI,"MF,DF",RB Leipzig,25,1998,3.0,9,3.05,9,0,0,0,0,0,0,0.00,0,0,0,0,0,0
265,Massadio Haïdara,ml MLI,DF,Lens,30,1992,1.3,2,1.53,2,0,0,0,0,0,0,0.00,0,0,0,0,0,0
266,Achraf Hakimi,ma MAR,DF,Paris S-G,24,1998,10.9,51,4.68,44,0,3,3,0,1,2,0.18,1,0,1,0,0,0
267,Lewis Hall,eng ENG,DF,Newcastle Utd,18,2004,0.5,0,0.00,0,0,0,0,0,0,0,0.00,0,0,0,0,0,0
268,Sébastien Haller,ci CIV,"FW,MF",Dortmund,29,1994,0.7,1,1.41,0,0,0,0,1,0,0,0.00,0,0,0,0,0,0
269,Micah Hamilton,eng ENG,FW,Manchester City,19,2003,1.2,2,1.68,1,0,0,0,1,0,1,0.84,0,0,0,0,1,0
270,Dávid Hancko,sk SVK,DF,Feyenoord,25,1997,6.0,8,1.33,7,0,0,1,0,0,1,0.17,0,0,0,1,0,0
271,Joe Hart,eng ENG,GK,Celtic,36,1987,6.0,0,0.00,0,0,0,0,0,0,0,0.00,0,0,0,0,0,0
272,Quilindschy Hartman,nl NED,DF,Feyenoord,21,2001,6.0,18,3.00,16,0,0,1,0,1,0,0.00,0,0,0,0,0,0
273,Reo Hatate,jp JPN,MF,Celtic,25,1997,1.5,5,3.36,4,0,0,1,0,0,0,0.00,0,0,0,0,0,0
274,Kai Havertz,de GER,"MF,FW",Arsenal,24,1999,9.2,16,1.80,14,1,1,0,0,0,1,0.11,1,0,0,0,0,0
275,Benjamin Henrichs,de GER,"DF,MF",RB Leipzig,26,1997,5.5,17,3.12,15,0,0,0,1,1,3,0.55,2,0,0,0,0,1
276,Mario Hermoso,es ESP,DF,Atlético Madrid,28,1995,9.1,10,1.14,10,0,0,0,0,0,2,0.23,2,0,0,0,0,0
277,Lucas Hernández,fr FRA,DF,Paris S-G,27,1996,9.3,10,1.07,8,0,1,0,1,0,0,0.00,0,0,0,0,0,0
278,Theo Hernández,fr FRA,DF,Milan,25,1997,6.0,15,2.50,11,1,1,1,1,0,1,0.17,1,0,0,0,0,0
279,André Horta,pt POR,MF,Braga,26,1996,0.4,4,10.59,4,0,0,0,0,0,0,0.00,0,0,0,0,0,0
280,Ricardo Horta,pt POR,"FW,MF",Braga,28,1994,5.6,24,4.32,15,1,1,3,2,2,4,0.72,2,0,0,1,0,1
281,Mats Hummels,de GER,DF,Dortmund,34,1988,13.0,9,0.69,8,0,0,1,0,0,1,0.08,1,0,0,0,0,0
282,Oh Hyeon-gyu,kr KOR,"FW,MF",Celtic,22,2001,1.2,2,1.73,1,1,0,0,0,0,0,0.00,0,0,0,0,0,0
283,Elseid Hysaj,al ALB,DF,Lazio,29,1994,3.8,2,0.53,2,0,0,0,0,0,0,0.00,0,0,0,0,0,0
284,Yang Hyunjun,kr KOR,FW,Celtic,21,2002,2.3,3,1.29,2,0,0,0,1,0,0,0.00,0,0,0,0,0,0
286,Oscar Højlund,dk DEN,MF,FC Copenhagen,18,2005,0.5,2,3.75,1,0,0,1,0,0,0,0.00,0,0,0,0,0,0
287,Rasmus Højlund,dk DEN,FW,Manchester Utd,20,2003,5.4,10,1.86,7,0,2,1,0,0,1,0.19,1,0,0,0,0,0
288,Mauro Icardi,ar ARG,FW,Galatasaray,30,1993,5.8,15,2.61,11,0,0,3,1,0,2,0.35,1,0,0,0,1,0
289,George Ilenikhena,fr FRA,FW,Antwerp,16,2006,1.7,3,1.72,3,0,0,0,0,0,0,0.00,0,0,0,0,0,0
290,Ciro Immobile,it ITA,FW,Lazio,33,1990,5.6,11,1.97,7,0,4,0,0,0,2,0.36,0,0,2,0,0,0
291,Hwang In-beom,kr KOR,MF,Red Star,26,1996,5.9,28,4.75,17,6,1,3,0,1,3,0.51,2,1,0,0,0,0
292,Alexander Isak,se SWE,FW,Newcastle Utd,23,1999,3.5,5,1.44,3,0,1,1,0,0,1,0.29,0,0,0,1,0,0
293,Gustav Isaksen,dk DEN,FW,Lazio,22,2001,2.7,13,4.78,9,0,1,2,1,0,5,1.84,2,0,0,2,1,0
294,Cedric Itten,ch SUI,FW,Young Boys,26,1996,3.1,2,0.65,2,0,0,0,0,0,0,0.00,0,0,0,0,0,0
295,Mirko Ivanić,me MNE,MF,Red Star,29,1993,4.1,11,2.65,9,0,0,2,0,0,1,0.24,1,0,0,0,0,0
296,Luka Ivanušec,hr CRO,"FW,MF",Feyenoord,24,1998,2.3,4,1.76,3,1,0,0,0,0,2,0.88,1,1,0,0,0,0
297,Tomoki Iwata,jp JPN,"MF,FW",Celtic,26,1997,0.7,0,0.00,0,0,0,0,0,0,0,0.00,0,0,0,0,0,0
298,Paul Jaeckel,de GER,DF,Union Berlin,25,1998,1.9,1,0.51,1,0,0,0,0,0,0,0.00,0,0,0,0,0,0
299,Alireza Jahanbakhsh,ir IRN,"FW,DF",Feyenoord,29,1993,0.8,4,4.86,4,0,0,0,0,0,0,0.00,0,0,0,0,0,0
300,Ivan Jaime Pajuelo,es ESP,MF,Porto,22,2000,1.0,4,3.96,4,0,0,0,0,0,0,0.00,0,0,0,0,0,0
301,Saidy Janko,gm GAM,DF,Young Boys,27,1995,3.6,5,1.39,2,2,1,0,0,0,0,0.00,0,0,0,0,0,0
302,Vincent Janssen,nl NED,FW,Antwerp,29,1994,4.5,7,1.54,3,0,1,2,1,0,1,0.22,0,0,0,1,0,0
303,Elias Jelert,dk DEN,DF,FC Copenhagen,20,2003,6.5,8,1.23,7,1,0,0,0,0,1,0.15,1,0,0,0,0,0
304,Gabriel Jesus,br BRA,FW,Arsenal,26,1997,4.5,14,3.35,10,0,3,1,0,0,6,1.44,4,0,2,0,0,0
305,Juan Jesus,br BRA,DF,Napoli,32,1991,4.8,1,0.21,1,0,0,0,0,0,0,0.00,0,0,0,0,0,0
306,Joelinton,br BRA,"MF,FW",Newcastle Utd,26,1996,3.7,11,2.96,9,0,1,1,0,0,0,0.00,0,0,0,0,0,0
307,Alistair Johnston,ca CAN,DF,Celtic,24,1998,6.0,5,0.83,5,0,0,0,0,0,0,0.00,0,0,0,0,0,0
308,Michael Johnston,ie IRL,FW,Celtic,24,1999,1.1,3,2.78,3,0,0,0,0,0,0,0.00,0,0,0,0,0,0
309,Frenkie de Jong,nl NED,MF,Barcelona,26,1997,4.4,9,2.07,9,0,0,0,0,0,1,0.23,1,0,0,0,0,0
310,Luuk de Jong,nl NED,FW,PSV Eindhoven,32,1990,7.0,18,2.58,15,0,0,1,2,0,1,0.14,0,0,0,1,0,0
312,Joan Jordán,es ESP,MF,Sevilla,29,1994,0.9,0,0.00,0,0,0,0,0,0,0,0.00,0,0,0,0,0,0
313,Jorginho,it ITA,MF,Arsenal,31,1991,5.9,14,2.37,14,0,0,0,0,0,1,0.17,1,0,0,0,0,0
314,Joselu,es ESP,FW,Real Madrid,33,1990,3.1,5,1.60,4,0,0,1,0,0,0,0.00,0,0,0,0,0,0
315,Luka Jović,rs SRB,"FW,MF",Milan,25,1997,0.4,4,11.25,4,0,0,0,0,0,1,2.81,1,0,0,0,0,0
316,Mauro Júnior,br BRA,"MF,DF",PSV Eindhoven,24,1999,2.0,7,3.44,6,1,0,0,0,0,0,0.00,0,0,0,0,0,0
317,Hamed Junior Traorè,ci CIV,MF,Napoli,23,2000,1.1,5,4.50,5,0,0,0,0,0,0,0.00,0,0,0,0,0,0
318,Vinicius Júnior,br BRA,FW,Real Madrid,23,2000,10.0,41,4.11,22,1,9,7,2,0,6,0.60,4,0,1,1,0,0
319,Josip Juranović,hr CRO,DF,Union Berlin,27,1995,4.6,8,1.74,4,3,0,1,0,0,1,0.22,1,0,0,0,0,0
320,David Jurásek,cz CZE,"MF,DF",Benfica,22,2000,1.4,4,2.79,3,0,0,0,0,1,0,0.00,0,0,0,0,0,0
321,Uroš Kabić,rs SRB,DF,Red Star,19,2004,0.1,0,0.00,0,0,0,0,0,0,0,0.00,0,0,0,0,0,0
322,Pierre Kalulu,fr FRA,DF,Milan,23,2000,1.0,1,1.00,1,0,0,0,0,0,0,0.00,0,0,0,0,0,0
323,Daichi Kamada,jp JPN,MF,Lazio,26,1996,2.9,3,1.04,3,0,0,0,0,0,0,0.00,0,0,0,0,0,0
324,Dijon Kameri,at AUT,MF,RB Salzburg,19,2004,0.1,2,20.00,1,0,0,0,1,0,0,0.00,0,0,0,0,0,0
325,Kevin Kampl,si SVN,MF,RB Leipzig,32,1990,3.1,14,4.47,10,0,2,0,1,1,3,0.96,2,0,1,0,0,0
326,Harry Kane,eng ENG,FW,Bayern Munich,30,1993,11.8,30,2.54,20,0,0,6,3,1,7,0.59,5,0,0,1,1,0
327,Lee Kang-in,kr KOR,"MF,FW",Paris S-G,22,2001,3.8,26,6.80,18,4,1,1,1,1,3,0.78,3,0,0,0,0,0
328,Guélor Kanga,ga GAB,MF,Red Star,32,1990,1.6,4,2.45,2,0,1,1,0,0,0,0.00,0,0,0,0,0,0
329,Kings Kangwa,zm ZAM,MF,Red Star,24,1999,0.1,0,0.00,0,0,0,0,0,0,0,0.00,0,0,0,0,0,0
330,Kazımcan Karataş,tr TUR,DF,Galatasaray,20,2003,0.8,2,2.43,1,1,0,0,0,0,0,0.00,0,0,0,0,0,0
331,Oleksii Kashchuk,ua UKR,FW,Shakhtar,23,2000,0.3,1,3.46,0,0,0,0,1,0,0,0.00,0,0,0,0,0,0
332,Aleksandar Katai,rs SRB,"MF,FW",Red Star,32,1991,0.9,2,2.28,2,0,0,0,0,0,0,0.00,0,0,0,0,0,0
333,Mandela Keita,be BEL,MF,Antwerp,21,2002,2.9,2,0.69,2,0,0,0,0,0,0,0.00,0,0,0,0,0,0
334,Kevin Kelsy,ve VEN,FW,Shakhtar,19,2004,1.5,1,0.67,1,0,0,0,0,0,0,0.00,0,0,0,0,0,0
335,Aljoscha Kemlein,de GER,MF,Union Berlin,18,2004,0.1,0,0.00,0,0,0,0,0,0,0,0.00,0,0,0,0,0,0
336,Gyrano Kerk,sr SUR,FW,Antwerp,27,1995,2.3,2,0.87,2,0,0,0,0,0,0,0.00,0,0,0,0,0,0
338,Rani Khedira,de GER,MF,Union Berlin,29,1994,3.2,5,1.56,5,0,0,0,0,0,1,0.31,1,0,0,0,0,0
339,Abdukodir Khusanov,uz UZB,DF,Lens,19,2004,0.3,0,0.00,0,0,0,0,0,0,0,0.00,0,0,0,0,0,0
340,Joshua Kimmich,de GER,"MF,DF",Bayern Munich,28,1995,12.0,42,3.50,23,18,0,1,0,0,4,0.33,2,2,0,0,0,0
341,Jakub Kiwior,pl POL,DF,Arsenal,23,2000,4.2,6,1.41,4,1,1,0,0,0,0,0.00,0,0,0,0,0,0
342,Simon Kjær,dk DEN,DF,Milan,34,1989,0.0,0,0.00,0,0,0,0,0,0,0,0.00,0,0,0,0,0,0
343,Maurits Kjærgaard,dk DEN,"MF,FW",RB Salzburg,20,2003,2.3,5,2.18,5,0,0,0,0,0,2,0.87,2,0,0,0,0,0
344,Davy Klaassen,nl NED,"MF,FW",Inter,30,1993,0.9,2,2.43,2,0,0,0,0,0,1,1.22,1,0,0,0,0,0
345,Lukas Klostermann,de GER,DF,RB Leipzig,27,1996,4.0,2,0.51,2,0,0,0,0,0,0,0.00,0,0,0,0,0,0
346,Robin Knoche,de GER,DF,Union Berlin,31,1992,3.0,2,0.67,0,1,0,0,1,0,0,0.00,0,0,0,0,0,0
347,Gregor Kobel,ch SUI,GK,Dortmund,25,1997,12.0,3,0.25,2,1,0,0,0,0,1,0.08,0,1,0,0,0,0
348,Sekou Koita,ml MLI,FW,RB Salzburg,23,1999,0.8,3,3.97,3,0,0,0,0,0,0,0.00,0,0,0,0,0,0
349,Orkun Kökçü,tr TUR,MF,Benfica,22,2000,2.9,3,1.03,2,1,0,0,0,0,0,0.00,0,0,0,0,0,0
350,Koke,es ESP,MF,Atlético Madrid,31,1992,8.6,24,2.91,22,0,0,1,0,1,4,0.49,3,0,0,1,0,0
351,Randal Kolo Muani,fr FRA,"FW,MF",Paris S-G,24,1998,5.2,14,2.68,11,0,1,1,0,1,0,0.00,0,0,0,0,0,0
352,Karim Konaté,ci CIV,"FW,MF",RB Salzburg,19,2004,2.6,6,2.28,4,0,1,0,0,1,0,0.00,0,0,0,0,0,0
353,Yukhym Konoplia,ua UKR,DF,Shakhtar,23,1999,2.8,8,2.82,7,0,0,0,0,1,2,0.71,2,0,0,0,0,0
354,Ilias Kostis,gr GRE,FW,Atlético Madrid,20,2003,0.0,0,0.00,0,0,0,0,0,0,0,0.00,0,0,0,0,0,0
355,Jules Koundé,fr FRA,DF,Barcelona,24,1998,8.0,10,1.25,8,1,1,0,0,0,0,0.00,0,0,0,0,0,0
356,Mateo Kovačić,hr CRO,MF,Manchester City,29,1994,4.8,14,2.97,13,0,0,0,1,0,1,0.21,1,0,0,0,0,0
357,Alex Král,cz CZE,MF,Union Berlin,25,1998,2.8,5,1.79,5,0,0,0,0,0,1,0.36,1,0,0,0,0,0
358,Jean-Philippe Krasso,ci CIV,"FW,MF",Red Star,26,1997,1.2,4,3.24,3,0,1,0,0,0,1,0.81,1,0,0,0,0,0
359,Frans Krätzig,de GER,DF,Bayern Munich,20,2003,0.1,0,0.00,0,0,0,0,0,0,0,0.00,0,0,0,0,0,0
360,Toni Kroos,de GER,MF,Real Madrid,33,1990,9.5,54,5.66,35,16,0,1,0,2,5,0.52,4,1,0,0,0,0
361,Rade Krunić,ba BIH,"MF,DF",Milan,29,1993,2.3,12,5.12,7,4,0,1,0,0,0,0.00,0,0,0,0,0,0
362,Dmytro Kryskiv,ua UKR,"MF,FW",Shakhtar,22,2000,4.3,8,1.86,8,0,0,0,0,0,0,0.00,0,0,0,0,0,0
364,Takefusa Kubo,jp JPN,"FW,MF",Real Sociedad,22,2001,6.2,39,6.28,18,13,6,1,1,0,1,0.16,1,0,0,0,0,0
365,Khvicha Kvaratskhelia,ge GEO,FW,Napoli,22,2001,7.4,42,5.65,28,3,8,1,2,0,6,0.81,4,0,1,1,0,0
366,Gustaf Lagerbielke,se SWE,DF,Celtic,23,2000,0.9,0,0.00,0,0,0,0,0,0,0,0.00,0,0,0,0,0,0
367,Aïssa Laïdouni,tn TUN,MF,Union Berlin,26,1996,3.1,7,2.28,5,0,1,0,0,1,1,0.33,0,0,0,0,0,1
368,Konrad Laimer,at AUT,"MF,DF",Bayern Munich,26,1997,8.6,14,1.63,13,0,0,0,1,0,2,0.23,2,0,0,0,0,0
369,Érik Lamela,ar ARG,"FW,MF",Sevilla,31,1992,2.1,1,0.48,1,0,0,0,0,0,0,0.00,0,0,0,0,0,0
370,Senne Lammens,be BEL,GK,Antwerp,21,2002,1.0,1,1.00,0,1,0,0,0,0,0,0.00,0,0,0,0,0,0
371,Noa Lang,nl NED,FW,PSV Eindhoven,24,1999,1.8,12,6.55,7,1,3,1,0,0,0,0.00,0,0,0,0,0,0
372,Jordan Larsson,se SWE,"FW,MF",FC Copenhagen,26,1997,1.2,3,2.60,2,0,0,1,0,0,0,0.00,0,0,0,0,0,0
373,Jamaal Lascelles,eng ENG,DF,Newcastle Utd,29,1993,5.0,5,1.00,5,0,0,0,0,0,0,0.00,0,0,0,0,0,0
374,Sandro Lauper,ch SUI,MF,Young Boys,26,1996,3.1,4,1.30,3,0,0,1,0,0,0,0.00,0,0,0,0,0,0
375,Manuel Lazzari,it ITA,DF,Lazio,29,1993,4.7,8,1.69,5,0,1,0,0,2,0,0.00,0,0,0,0,0,0
376,Robin Le Normand,es ESP,DF,Real Sociedad,26,1996,6.4,2,0.31,1,0,0,0,1,0,0,0.00,0,0,0,0,0,0
377,Rafael Leão,pt POR,FW,Milan,24,1999,4.9,16,3.27,11,0,3,0,2,0,0,0.00,0,0,0,0,0,0
378,Diogo Leite,pt POR,DF,Union Berlin,24,1999,6.0,6,1.00,6,0,0,0,0,0,0,0.00,0,0,0,0,0,0
379,Stav Lemkin,il ISR,DF,Shakhtar,20,2003,0.7,0,0.00,0,0,0,0,0,0,0,0.00,0,0,0,0,0,0
380,Christopher Lenz,de GER,DF,RB Leipzig,28,1994,1.0,0,0.00,0,0,0,0,0,0,0,0.00,0,0,0,0,0,0
381,Lukas Lerager,dk DEN,MF,FC Copenhagen,30,1993,6.0,11,1.84,9,0,1,1,0,0,2,0.33,2,0,0,0,0,0
382,Robert Lewandowski,pl POL,FW,Barcelona,34,1988,8.2,24,2.94,19,0,0,3,2,0,3,0.37,3,0,0,0,0,0
383,Rico Lewis,eng ENG,"MF,DF",Manchester City,18,2004,6.1,22,3.61,20,0,0,1,1,0,6,0.99,6,0,0,0,0,0
384,Matthijs de Ligt,nl NED,DF,Bayern Munich,23,1999,5.2,4,0.77,2,0,0,1,1,0,1,0.19,0,0,0,1,0,0
385,Victor Lindelöf,se SWE,DF,Manchester Utd,29,1994,3.3,3,0.91,3,0,0,0,0,0,1,0.30,1,0,0,0,0,0
386,Jesper Lindstrøm,dk DEN,FW,Napoli,23,2000,0.7,2,2.81,2,0,0,0,0,0,1,1.41,1,0,0,0,0,0
387,Ondřej Lingr,cz CZE,"FW,MF",Feyenoord,24,1998,0.8,0,0.00,0,0,0,0,0,0,0,0.00,0,0,0,0,0,0
388,Samuel Lino,br BRA,DF,Atlético Madrid,23,1999,5.6,17,3.04,13,0,2,2,0,0,4,0.71,2,0,0,2,0,0
390,Valentino Livramento,eng ENG,"DF,FW",Newcastle Utd,20,2002,3.0,4,1.33,3,0,1,0,0,0,0,0.00,0,0,0,0,0,0
391,Marcos Llorente,es ESP,"MF,DF",Atlético Madrid,28,1995,7.2,24,3.34,20,0,3,0,1,0,3,0.42,2,0,1,0,0,0
392,Danny Loader,eng ENG,"MF,FW",Porto,22,2000,0.2,0,0.00,0,0,0,0,0,0,0,0.00,0,0,0,0,0,0
393,Stanislav Lobotka,sk SVK,MF,Napoli,28,1994,7.5,6,0.80,5,0,0,0,1,0,0,0.00,0,0,0,0,0,0
394,Ruben Loftus-Cheek,eng ENG,MF,Milan,27,1996,3.6,13,3.62,7,0,3,2,1,0,0,0.00,0,0,0,0,0,0
395,Sean Longstaff,eng ENG,MF,Newcastle Utd,25,1997,3.9,5,1.27,4,1,0,0,0,0,0,0.00,0,0,0,0,0,0
396,Rony Lopes,pt POR,FW,Braga,27,1995,0.0,1,30.00,1,0,0,0,0,0,0,0.00,0,0,0,0,0,0
397,Fermin López,es ESP,MF,Barcelona,20,2003,3.1,14,4.53,10,0,2,2,0,0,1,0.32,0,0,0,1,0,0
398,Marcos López,pe PER,DF,Feyenoord,23,1999,0.5,0,0.00,0,0,0,0,0,0,0,0.00,0,0,0,0,0,0
399,Hirving Lozano,mx MEX,FW,PSV Eindhoven,28,1995,4.2,9,2.15,6,1,2,0,0,0,2,0.48,2,0,0,0,0,0
400,Vladimir Lučić,rs SRB,"DF,FW",Red Star,21,2002,2.3,12,5.27,10,0,2,0,0,0,0,0.00,0,0,0,0,0,0
401,Florentino Luís,pt POR,MF,Benfica,23,1999,1.2,0,0.00,0,0,0,0,0,0,0,0.00,0,0,0,0,0,0
402,Castello Lukeba,fr FRA,DF,RB Leipzig,20,2002,6.9,2,0.29,1,0,0,1,0,0,0,0.00,0,0,0,0,0,0
403,Dodi Lukebakio,be BEL,FW,Sevilla,25,1997,2.7,12,4.39,6,1,2,0,2,1,3,1.10,2,0,0,0,1,0
404,Valdemar Lund,dk DEN,DF,FC Copenhagen,20,2003,0.3,1,3.21,1,0,0,0,0,0,0,0.00,0,0,0,0,0,0
405,Andriy Lunin,ua UKR,GK,Real Madrid,24,1999,8.3,1,0.12,0,1,0,0,0,0,0,0.00,0,0,0,0,0,0
406,Fabian Lustenberger,ch SUI,DF,Young Boys,35,1988,1.0,0,0.00,0,0,0,0,0,0,0,0.00,0,0,0,0,0,0
407,Ian Maatsen,nl NED,DF,Dortmund,21,2002,7.0,14,2.00,6,3,0,1,2,2,0,0.00,0,0,0,0,0,0
408,Deiver Machado,co COL,DF,Lens,29,1993,4.1,6,1.47,4,0,0,1,1,0,1,0.25,1,0,0,0,0,0
409,Daizen Maeda,jp JPN,FW,Celtic,25,1997,3.1,5,1.59,4,0,0,1,0,0,2,0.64,2,0,0,0,0,0
410,Gabriel Magalhães,br BRA,DF,Arsenal,25,1997,10.3,4,0.40,3,0,0,0,1,0,1,0.10,1,0,0,0,0,0
411,Harry Maguire,eng ENG,DF,Manchester Utd,30,1993,3.4,1,0.29,1,0,0,0,0,0,0,0.00,0,0,0,0,0,0
412,Jon Magunazelaia,es ESP,MF,Real Sociedad,23,2000,0.2,0,0.00,0,0,0,0,0,0,0,0.00,0,0,0,0,0,0
413,Mike Maignan,fr FRA,GK,Milan,28,1995,5.9,6,1.02,5,1,0,0,0,0,0,0.00,0,0,0,0,0,0
414,Kobbie Mainoo,eng ENG,MF,Manchester Utd,18,2005,0.5,0,0.00,0,0,0,0,0,0,0,0.00,0,0,0,0,0,0
416,Donyell Malen,nl NED,FW,Dortmund,24,1999,5.1,10,1.97,6,0,2,2,0,0,0,0.00,0,0,0,0,0,0
417,Darian Males,ch SUI,MF,Young Boys,22,2001,1.9,7,3.77,4,1,0,1,1,0,0,0.00,0,0,0,0,0,0
418,Reinildo Mandava,mz MOZ,DF,Atlético Madrid,29,1994,0.3,0,0.00,0,0,0,0,0,0,0,0.00,0,0,0,0,0,0
419,José María Giménez,uy URU,DF,Atlético Madrid,28,1995,5.3,4,0.75,4,0,0,0,0,0,1,0.19,1,0,0,0,0,0
420,Mariano,do DOM,"MF,FW",Sevilla,29,1993,0.7,1,1.43,1,0,0,0,0,0,0,0.00,0,0,0,0,0,0
421,Adrián Marín,es ESP,DF,Braga,26,1997,0.3,0,0.00,0,0,0,0,0,0,0,0.00,0,0,0,0,0,0
422,João Mário,pt POR,"FW,MF",Benfica,30,1993,3.6,10,2.80,8,0,0,1,1,0,0,0.00,0,0,0,0,0,0
423,João Mário Lopes,pt POR,DF,Porto,23,2000,6.6,19,2.89,16,0,2,0,1,0,2,0.30,2,0,0,0,0,0
424,Marquinhos,br BRA,DF,Paris S-G,29,1994,10.0,6,0.60,5,0,0,1,0,0,1,0.10,0,0,0,1,0,0
425,Anthony Martial,fr FRA,"FW,DF",Manchester Utd,27,1995,0.6,3,5.40,3,0,0,0,0,0,1,1.80,1,0,0,0,0,0
426,Gabriel Martinelli,br BRA,FW,Arsenal,22,2001,5.3,17,3.18,11,2,1,1,1,1,4,0.75,2,0,1,1,0,0
427,Iñigo Martínez,es ESP,DF,Barcelona,32,1991,3.5,4,1.13,4,0,0,0,0,0,2,0.57,2,0,0,0,0,0
428,Lautaro Martínez,ar ARG,FW,Inter,25,1997,5.9,11,1.97,5,0,2,4,0,0,2,0.36,1,0,0,1,0,0
429,Lisandro Martínez,ar ARG,DF,Manchester Utd,25,1998,1.0,0,0.00,0,0,0,0,0,0,0,0.00,0,0,0,0,0,0
430,Toni Martínez,es ESP,FW,Porto,26,1997,0.1,0,0.00,0,0,0,0,0,0,0,0.00,0,0,0,0,0,0
431,Adam Marušić,me MNE,DF,Lazio,30,1992,5.7,7,1.23,6,1,0,0,0,0,0,0.00,0,0,0,0,0,0
432,Matheus,br BRA,GK,Braga,31,1992,6.0,0,0.00,0,0,0,0,0,0,0,0.00,0,0,0,0,0,0
433,Magnus Mattsson,dk DEN,MF,FC Copenhagen,24,1999,1.3,4,3.19,1,2,1,0,0,0,0,0.00,0,0,0,0,0,0
434,Mykola Matviyenko,ua UKR,DF,Shakhtar,27,1996,5.0,4,0.80,2,1,0,1,0,0,0,0.00,0,0,0,0,0,0
435,Eric Maxim Choupo-Moting,cm CMR,"FW,MF",Bayern Munich,34,1989,0.5,2,4.09,1,0,1,0,0,0,0,0.00,0,0,0,0,0,0
436,Noussair Mazraoui,ma MAR,DF,Bayern Munich,25,1997,7.2,18,2.50,16,0,1,0,0,1,2,0.28,2,0,0,0,0,0
437,Kylian Mbappé,fr FRA,FW,Paris S-G,24,1998,12.0,60,5.00,40,2,8,8,1,1,2,0.17,0,0,0,2,0,0
438,Callum McGregor,sct SCO,MF,Celtic,30,1993,5.8,5,0.87,4,0,1,0,0,0,0,0.00,0,0,0,0,0,0
439,Scott McKenna,sct SCO,DF,FC Copenhagen,26,1996,2.0,0,0.00,0,0,0,0,0,0,0,0.00,0,0,0,0,0,0
440,Scott McTominay,sct SCO,MF,Manchester Utd,26,1996,4.2,6,1.41,5,0,0,0,1,0,1,0.24,1,0,0,0,0,0
442,Facundo Medina,ar ARG,DF,Lens,24,1999,5.5,7,1.27,5,0,1,0,1,0,1,0.18,0,0,0,0,1,0
443,Hannibal Mejbri,tn TUN,"MF,FW",Manchester Utd,20,2003,0.7,1,1.45,1,0,0,0,0,0,0,0.00,0,0,0,0,0,0
444,Birger Meling,no NOR,DF,FC Copenhagen,28,1994,2.1,6,2.80,6,0,0,0,0,0,1,0.47,1,0,0,0,0,0
445,Memphis,nl NED,FW,Atlético Madrid,29,1994,1.2,7,8.51,4,0,0,1,2,0,0,0.00,0,0,0,0,0,0
446,Joe Mendes,se SWE,DF,Braga,20,2002,2.3,4,1.76,4,0,0,0,0,0,1,0.44,1,0,0,0,0,0
447,Nuno Mendes,pt POR,DF,Paris S-G,21,2002,4.7,12,2.57,10,0,1,1,0,0,0,0.00,0,0,0,0,0,0
448,Brais Méndez,es ESP,MF,Real Sociedad,26,1997,5.8,20,3.42,13,2,1,2,1,1,3,0.51,2,0,1,0,0,0
449,Ferland Mendy,fr FRA,DF,Real Madrid,28,1995,9.7,12,1.28,12,0,0,0,0,0,1,0.11,1,0,0,0,0,0
450,Nampalys Mendy,sn SEN,MF,Lens,31,1992,4.1,7,1.72,7,0,0,0,0,0,0,0.00,0,0,0,0,0,0
451,Alex Meret,it ITA,GK,Napoli,26,1997,8.0,0,0.00,0,0,0,0,0,0,0,0.00,0,0,0,0,0,0
452,Mikel Merino,es ESP,MF,Real Sociedad,27,1996,7.0,22,3.14,17,0,0,3,2,0,1,0.14,1,0,0,0,0,0
453,Dries Mertens,be BEL,MF,Galatasaray,36,1987,2.2,14,6.27,9,3,0,1,1,0,0,0.00,0,0,0,0,0,0
454,Alexander Meyer,de GER,GK,Dortmund,32,1991,1.0,0,0.00,0,0,0,0,0,0,0,0.00,0,0,0,0,0,0
455,Srđan Mijailović,rs SRB,"DF,MF",Red Star,29,1993,5.4,5,0.92,4,0,0,1,0,0,1,0.18,1,0,0,0,0,0
456,Jovan Mijatović,rs SRB,"FW,MF",Red Star,18,2005,1.3,3,2.29,3,0,0,0,0,0,0,0.00,0,0,0,0,0,0
457,Antoni Milambo,nl NED,"DF,MF",Feyenoord,18,2005,0.4,3,7.30,2,0,1,0,0,0,0,0.00,0,0,0,0,0,0
458,Lewis Miley,eng ENG,MF,Newcastle Utd,17,2006,1.9,2,1.05,2,0,0,0,0,0,1,0.53,1,0,0,0,0,0
459,Éder Militão,br BRA,DF,Real Madrid,25,1998,0.1,0,0.00,0,0,0,0,0,0,0,0.00,0,0,0,0,0,0
460,Kim Min-jae,kr KOR,DF,Bayern Munich,26,1996,7.3,4,0.55,3,0,0,1,0,0,0,0.00,0,0,0,0,0,0
461,Yankuba Minteh,gm GAM,FW,Feyenoord,19,2004,2.2,9,4.11,6,0,2,1,0,0,0,0.00,0,0,0,0,0,0
462,Rafa Mir,es ESP,FW,Sevilla,26,1997,0.4,0,0.00,0,0,0,0,0,0,0,0.00,0,0,0,0,0,0
463,Stefan Mitrović,rs SRB,"DF,FW",Red Star,20,2002,2.3,5,2.15,3,0,1,1,0,0,0,0.00,0,0,0,0,0,0
464,Henrikh Mkhitaryan,am ARM,MF,Inter,34,1989,5.7,14,2.44,11,0,2,1,0,0,1,0.17,1,0,0,0,0,0
465,Luka Modrić,hr CRO,MF,Real Madrid,37,1985,4.7,31,7.17,25,6,0,0,0,0,2,0.46,2,0,0,0,0,0
466,Nahuel Molina,ar ARG,DF,Atlético Madrid,25,1998,8.7,20,2.29,19,0,0,0,1,0,3,0.34,3,0,0,0,0,0
468,Joel Monteiro,ch SUI,"FW,MF",Young Boys,23,1999,2.9,8,2.74,6,0,2,0,0,0,1,0.34,1,0,0,0,0,0
469,Álvaro Morata,es ESP,FW,Atlético Madrid,30,1992,7.4,6,0.81,4,0,0,1,1,0,1,0.14,1,0,0,0,0,0
470,Morato,br BRA,DF,Benfica,22,2001,4.8,3,0.62,3,0,0,0,0,0,0,0.00,0,0,0,0,0,0
471,Leandro Morgalla,de GER,DF,RB Salzburg,18,2004,0.5,0,0.00,0,0,0,0,0,0,0,0.00,0,0,0,0,0,0
472,Youssoufa Moukoko,de GER,FW,Dortmund,18,2004,0.2,0,0.00,0,0,0,0,0,0,0,0.00,0,0,0,0,0,0
473,Mason Mount,eng ENG,"MF,FW",Manchester Utd,24,1999,1.0,2,1.98,1,0,0,0,1,0,0,0.00,0,0,0,0,0,0
474,João Moutinho,pt POR,MF,Braga,36,1986,3.2,14,4.33,11,1,2,0,0,0,0,0.00,0,0,0,0,0,0
475,Arbnor Muja,al ALB,FW,Antwerp,24,1998,4.0,8,2.03,5,0,3,0,0,0,1,0.25,0,0,1,0,0,0
476,Nordi Mukiele,fr FRA,DF,Paris S-G,25,1997,0.6,1,1.58,1,0,0,0,0,0,0,0.00,0,0,0,0,0,0
477,Thomas Müller,de GER,MF,Bayern Munich,33,1989,4.7,25,5.28,22,0,1,1,1,0,3,0.63,3,0,0,0,0,0
478,Aihen Muñoz,es ESP,DF,Real Sociedad,25,1997,5.3,6,1.14,3,2,0,1,0,0,1,0.19,0,0,0,1,0,0
479,Jacob Murphy,eng ENG,FW,Newcastle Utd,28,1995,1.0,1,1.03,1,0,0,0,0,0,1,1.03,1,0,0,0,0,0
480,Petar Musa,hr CRO,"FW,MF",Benfica,25,1998,2.6,9,3.48,4,0,3,2,0,0,0,0.00,0,0,0,0,0,0
481,Yunus Musah,us USA,MF,Milan,20,2002,3.9,10,2.57,8,0,2,0,0,0,0,0.00,0,0,0,0,0,0
482,Jamal Musiala,de GER,"MF,FW",Bayern Munich,20,2003,9.7,41,4.21,28,0,5,5,2,1,6,0.62,3,0,2,0,1,0
483,Fernando Muslera,uy URU,GK,Galatasaray,37,1986,6.0,0,0.00,0,0,0,0,0,0,0,0.00,0,0,0,0,0,0
484,Almoatasem Al Musrati,ly LBY,MF,Braga,27,1996,3.4,9,2.62,7,0,0,1,0,1,1,0.29,1,0,0,0,0,0
485,Nacho,es ESP,DF,Real Madrid,33,1990,10.9,5,0.47,5,0,0,0,0,0,3,0.28,3,0,0,0,0,0
486,Natan,br BRA,DF,Napoli,22,2001,5.0,7,1.40,5,0,1,1,0,0,3,0.60,1,0,1,1,0,0
487,Fran Navarro,es ESP,FW,Porto,25,1998,0.1,0,0.00,0,0,0,0,0,0,0,0.00,0,0,0,0,0,0
488,Jesús Navas,es ESP,DF,Sevilla,37,1985,2.4,4,1.65,4,0,0,0,0,0,1,0.41,1,0,0,0,0,0
489,Yehor Nazaryna,ua UKR,MF,Shakhtar,26,1997,2.3,5,2.20,4,0,0,1,0,0,3,1.32,2,0,0,1,0,0
490,Cherif Ndiaye,sn SEN,FW,Red Star,27,1996,4.0,10,2.53,7,0,1,1,0,1,0,0.00,0,0,0,0,0,0
491,Tanguy Ndombele,fr FRA,MF,Galatasaray,26,1996,1.0,0,0.00,0,0,0,0,0,0,0,0.00,0,0,0,0,0,0
492,Kosta Nedeljković,rs SRB,DF,Red Star,17,2005,2.6,9,3.40,7,0,1,1,0,0,0,0.00,0,0,0,0,0,0
494,Reiss Nelson,eng ENG,FW,Arsenal,23,1999,2.0,14,7.12,5,3,2,3,0,1,2,1.02,2,0,0,0,0,0
495,Victor Nelsson,dk DEN,DF,Galatasaray,24,1998,1.1,0,0.00,0,0,0,0,0,0,0,0.00,0,0,0,0,0,0
496,David Neres,br BRA,FW,Benfica,26,1997,2.0,5,2.54,3,1,0,1,0,0,0,0.00,0,0,0,0,0,0
497,Manuel Neuer,de GER,GK,Bayern Munich,37,1986,9.0,2,0.22,2,0,0,0,0,0,0,0.00,0,0,0,0,0,0
498,João Neves,pt POR,MF,Benfica,18,2004,6.0,16,2.67,12,1,1,1,1,0,3,0.50,3,0,0,0,0,0
499,Newerton,br BRA,"MF,FW",Shakhtar,18,2005,2.4,6,2.48,4,0,1,1,0,0,1,0.41,1,0,0,0,0,0
500,Cyril Ngonge,be BEL,FW,Napoli,23,2000,0.0,0,0.00,0,0,0,0,0,0,0,0.00,0,0,0,0,0,0
501,Sikou Niakaté,ml MLI,DF,Braga,24,1999,4.3,0,0.00,0,0,0,0,0,0,0,0.00,0,0,0,0,0,0
502,Tanguy Nianzou,fr FRA,DF,Sevilla,21,2002,0.4,0,0.00,0,0,0,0,0,0,0,0.00,0,0,0,0,0,0
503,Cheikh Niasse,sn SEN,MF,Young Boys,23,2000,5.9,9,1.52,7,1,0,1,0,0,2,0.34,2,0,0,0,0,0
504,Bart Nieuwkoop,nl NED,DF,Feyenoord,27,1996,0.9,2,2.22,2,0,0,0,0,0,1,1.11,1,0,0,0,0,0
505,Saúl Ñíguez,es ESP,MF,Atlético Madrid,28,1994,4.8,6,1.29,5,0,0,1,0,0,0,0.00,0,0,0,0,0,0
506,Eddie Nketiah,eng ENG,FW,Arsenal,24,1999,1.6,2,1.44,2,0,0,0,0,0,0,0.00,0,0,0,0,0,0
507,Felix Nmecha,de GER,MF,Dortmund,22,2000,3.9,9,2.30,9,0,0,0,0,0,0,0.00,0,0,0,0,0,0
508,Jean-Pierre Nsame,cm CMR,FW,Young Boys,30,1993,1.8,7,3.99,6,0,0,0,1,0,1,0.57,1,0,0,0,0,0
509,Matheus Nunes,pt POR,"MF,FW",Manchester City,24,1998,4.7,28,5.97,20,3,2,1,2,0,4,0.85,2,0,0,0,2,0
510,Ørjan Nyland,no NOR,GK,Sevilla,32,1990,2.0,0,0.00,0,0,0,0,0,0,0,0.00,0,0,0,0,0,0
511,Matt O'Riley,dk DEN,MF,Celtic,22,2000,5.4,22,4.07,15,4,2,0,0,1,4,0.74,3,0,1,0,0,0
512,Armando Obispo,nl NED,DF,PSV Eindhoven,24,1999,1.0,3,2.97,3,0,0,0,0,0,0,0.00,0,0,0,0,0,0
513,Jan Oblak,si SVN,GK,Atlético Madrid,30,1993,10.3,1,0.10,1,0,0,0,0,0,0,0.00,0,0,0,0,0,0
514,Lucas Ocampos,ar ARG,FW,Sevilla,29,1994,3.8,13,3.38,7,0,5,0,1,0,1,0.26,1,0,0,0,0,0
515,Álvaro Odriozola,es ESP,"DF,FW",Real Sociedad,27,1995,1.1,1,0.93,1,0,0,0,0,0,0,0.00,0,0,0,0,0,0
516,Noah Okafor,ch SUI,FW,Milan,23,2000,0.4,3,7.50,2,0,1,0,0,0,1,2.50,1,0,0,0,0,0
517,Olasagasti,es ESP,MF,Real Sociedad,22,2000,0.1,1,11.25,0,0,0,1,0,0,0,0.00,0,0,0,0,0,0
518,Peter Olayinka,ng NGA,"DF,FW",Red Star,27,1995,1.9,6,3.10,3,0,1,1,1,0,0,0.00,0,0,0,0,0,0
520,Sérgio Oliveira,pt POR,MF,Galatasaray,31,1992,1.4,9,6.28,6,2,0,1,0,0,1,0.70,1,0,0,0,0,0
521,Mathías Olivera,uy URU,DF,Napoli,25,1997,3.6,10,2.74,9,1,0,0,0,0,0,0.00,0,0,0,0,0,0
522,Dani Olmo,es ESP,MF,RB Leipzig,25,1998,2.0,11,5.47,6,1,2,2,0,0,1,0.50,0,1,0,0,0,0
523,André Onana,cm CMR,GK,Manchester Utd,27,1996,6.0,2,0.33,2,0,0,0,0,0,0,0.00,0,0,0,0,0,0
524,Loïs Openda,be BEL,FW,RB Leipzig,23,2000,6.1,17,2.77,6,0,6,2,3,0,3,0.49,1,0,2,0,0,0
525,Fredrik Oppegard,no NOR,FW,PSV Eindhoven,20,2002,0.0,0,0.00,0,0,0,0,0,0,0,0.00,0,0,0,0,0,0
526,Willi Orban,hu HUN,DF,RB Leipzig,30,1992,2.0,2,1.00,2,0,0,0,0,0,0,0.00,0,0,0,0,0,0
527,Stefan Ortega,de GER,GK,Manchester City,30,1992,3.0,1,0.33,1,0,0,0,0,0,0,0.00,0,0,0,0,0,0
528,Victor Osimhen,ng NGA,FW,Napoli,24,1998,5.1,13,2.55,9,0,1,3,0,0,1,0.20,0,0,0,1,0,0
529,Nicolás Otamendi,ar ARG,DF,Benfica,35,1988,6.0,7,1.17,5,0,0,2,0,0,0,0.00,0,0,0,0,0,0
530,Mikel Oyarzabal,es ESP,"FW,MF",Real Sociedad,26,1997,6.5,14,2.15,12,0,1,0,1,0,1,0.15,0,0,1,0,0,0
531,Salih Özcan,tr TUR,MF,Dortmund,25,1998,4.9,9,1.83,8,0,0,1,0,0,0,0.00,0,0,0,0,0,0
532,Jon Pacheco,es ESP,DF,Real Sociedad,22,2001,1.4,0,0.00,0,0,0,0,0,0,0,0.00,0,0,0,0,0,0
533,Igor Paixão,br BRA,FW,Feyenoord,23,2000,4.4,18,4.08,8,4,3,1,2,0,0,0.00,0,0,0,0,0,0
534,Thomas Partey,gh GHA,MF,Arsenal,30,1993,0.1,0,0.00,0,0,0,0,0,0,0,0.00,0,0,0,0,0,0
535,Patric,es ESP,DF,Lazio,30,1993,4.1,6,1.46,5,0,1,0,0,0,0,0.00,0,0,0,0,0,0
536,Benjamin Pavard,fr FRA,DF,Inter,27,1996,5.3,9,1.80,8,0,0,0,1,0,0,0.00,0,0,0,0,0,0
537,Aleksandar Pavlovic,de GER,MF,Bayern Munich,19,2004,2.3,4,1.74,2,1,0,0,1,0,0,0.00,0,0,0,0,0,0
538,Strahinja Pavlović,rs SRB,DF,RB Salzburg,22,2001,5.5,8,1.46,4,1,1,1,1,0,0,0.00,0,0,0,0,0,0
539,Nicolás Paz,ar ARG,MF,Real Madrid,18,2004,0.5,0,0.00,0,0,0,0,0,0,0,0.00,0,0,0,0,0,0
540,Pedri,es ESP,"MF,FW",Barcelona,20,2002,3.7,16,4.39,12,1,1,1,0,1,3,0.82,3,0,0,0,0,0
541,Pedro,es ESP,FW,Lazio,36,1987,2.1,6,2.80,5,0,1,0,0,0,0,0.00,0,0,0,0,0,0
542,Adrià Pedrosa,es ESP,"DF,FW",Sevilla,25,1998,3.6,0,0.00,0,0,0,0,0,0,0,0.00,0,0,0,0,0,0
543,Luca Pellegrini,it ITA,DF,Lazio,24,1999,1.8,3,1.68,2,1,0,0,0,0,0,0.00,0,0,0,0,0,0
544,Facundo Pellistri,uy URU,FW,Manchester Utd,21,2001,1.2,3,2.48,2,0,1,0,0,0,0,0.00,0,0,0,0,0,0
546,Iñaki Peña,es ESP,GK,Barcelona,24,1999,2.0,0,0.00,0,0,0,0,0,0,0,0.00,0,0,0,0,0,0
547,Pepe,pt POR,DF,Porto,40,1983,7.3,5,0.71,3,0,0,1,0,1,1,0.14,1,0,0,0,0,0
548,Pepê,br BRA,"MF,FW",Porto,26,1997,7.1,26,3.82,22,0,2,2,0,0,3,0.44,2,0,0,1,0,0
549,Ricardo Pepi,us USA,"FW,MF",PSV Eindhoven,20,2003,1.5,8,5.29,6,0,0,1,1,0,3,1.99,3,0,0,0,0,0
550,Danilo Pereira,pt POR,DF,Paris S-G,31,1991,1.8,2,1.14,2,0,0,0,0,0,0,0.00,0,0,0,0,0,0
551,Noah Persson,se SWE,"DF,MF",Young Boys,20,2003,0.4,1,2.37,1,0,0,0,0,0,0,0.00,0,0,0,0,0,0
552,Kalvin Phillips,eng ENG,MF,Manchester City,27,1995,1.4,1,0.70,1,0,0,0,0,0,0,0.00,0,0,0,0,0,0
553,Nathaniel Phillips,eng ENG,DF,Celtic,26,1997,1.0,0,0.00,0,0,0,0,0,0,0,0.00,0,0,0,0,0,0
554,Kamil Piątkowski,pl POL,DF,RB Salzburg,23,2000,2.0,0,0.00,0,0,0,0,0,0,0,0.00,0,0,0,0,0,0
555,Pizzi,pt POR,MF,Braga,33,1989,0.6,6,10.59,4,1,0,1,0,0,0,0.00,0,0,0,0,0,0
556,Tommaso Pobega,it ITA,MF,Milan,24,1999,1.7,5,3.02,2,0,0,3,0,0,0,0.00,0,0,0,0,0,0
557,Matteo Politano,it ITA,FW,Napoli,29,1993,6.4,27,4.22,20,3,3,0,1,0,2,0.31,2,0,0,0,0,0
558,Nick Pope,eng ENG,GK,Newcastle Utd,31,1992,5.0,0,0.00,0,0,0,0,0,0,0,0.00,0,0,0,0,0,0
559,Yussuf Poulsen,dk DEN,"FW,MF",RB Leipzig,29,1994,3.7,10,2.67,8,0,0,2,0,0,2,0.53,1,0,0,1,0,0
560,Ivan Provedel,it ITA,GK,Lazio,29,1994,8.0,1,0.12,1,0,0,0,0,0,0,0.00,0,0,0,0,0,0
561,Christian Pulisic,us USA,FW,Milan,24,1998,4.9,14,2.87,9,4,0,1,0,0,1,0.21,1,0,0,0,0,0
562,Anthony Racioppi,ch SUI,GK,Young Boys,24,1998,5.0,1,0.20,1,0,0,0,0,0,1,0.20,1,0,0,0,0,0
563,Ivan Rakitić,hr CRO,MF,Sevilla,35,1988,5.1,26,5.10,12,13,1,0,0,0,3,0.59,0,3,0,0,0,0
564,Yaroslav Rakitskiy,ua UKR,DF,Shakhtar,33,1989,3.8,4,1.05,4,0,0,0,0,0,0,0.00,0,0,0,0,0,0
565,André Ramalho,br BRA,DF,PSV Eindhoven,31,1992,4.7,5,1.06,4,0,0,0,0,1,0,0.00,0,0,0,0,0,0
566,Gonçalo Ramos,pt POR,FW,Paris S-G,22,2001,2.4,7,2.93,5,0,0,1,1,0,0,0.00,0,0,0,0,0,0
567,Sergio Ramos,es ESP,DF,Sevilla,37,1986,5.0,4,0.80,4,0,0,0,0,0,1,0.20,1,0,0,0,0,0
568,Aaron Ramsdale,eng ENG,GK,Arsenal,25,1998,1.0,0,0.00,0,0,0,0,0,0,0,0.00,0,0,0,0,0,0
569,Raphinha,br BRA,FW,Barcelona,26,1996,5.2,21,4.01,14,1,1,5,0,0,3,0.57,2,0,0,1,0,0
570,Marcus Rashford,eng ENG,FW,Manchester Utd,25,1997,3.2,12,3.75,11,0,1,0,0,0,3,0.94,3,0,0,0,0,0
572,Giacomo Raspadori,it ITA,"FW,MF",Napoli,23,2000,2.8,11,3.91,10,0,1,0,0,0,0,0.00,0,0,0,0,0,0
573,Petar Ratkov,rs SRB,FW,RB Salzburg,19,2003,2.4,5,2.12,4,0,0,1,0,0,0,0.00,0,0,0,0,0,0
574,David Raum,de GER,DF,RB Leipzig,25,1998,7.0,26,3.71,14,12,0,0,0,0,3,0.43,2,1,0,0,0,0
575,David Raya,es ESP,GK,Arsenal,27,1995,9.3,2,0.22,2,0,0,0,0,0,0,0.00,0,0,0,0,0,0
576,Sergio Reguilón,es ESP,DF,Manchester Utd,26,1996,1.7,1,0.59,1,0,0,0,0,0,0,0.00,0,0,0,0,0,0
577,Tijjani Reijnders,nl NED,MF,Milan,25,1998,5.3,19,3.56,8,4,6,1,0,0,0,0.00,0,0,0,0,0,0
578,Álex Remiro,es ESP,GK,Real Sociedad,28,1995,8.0,0,0.00,0,0,0,0,0,0,0,0.00,0,0,0,0,0,0
579,Marco Reus,de GER,"MF,FW",Dortmund,34,1989,5.4,18,3.32,14,3,0,0,1,0,2,0.37,2,0,0,0,0,0
580,Gio Reyna,us USA,"FW,MF",Dortmund,20,2002,0.2,0,0.00,0,0,0,0,0,0,0,0.00,0,0,0,0,0,0
581,Declan Rice,eng ENG,MF,Arsenal,24,1999,9.3,11,1.23,6,3,2,0,0,0,1,0.11,1,0,0,0,0,0
582,Rodrigo Riquelme,es ESP,DF,Atlético Madrid,23,2000,3.5,17,5.29,11,1,3,1,0,1,1,0.31,0,1,0,0,0,0
583,Dmytro Riznyk,ua UKR,GK,Shakhtar,24,1999,6.0,1,0.17,1,0,0,0,0,0,0,0.00,0,0,0,0,0,0
584,Sergi Roberto,es ESP,MF,Barcelona,31,1992,2.3,7,3.10,7,0,0,0,0,0,1,0.44,1,0,0,0,0,0
585,Milan Rodić,rs SRB,DF,Red Star,32,1991,4.6,7,1.52,6,0,1,0,0,0,0,0.00,0,0,0,0,0,0
586,Rodri,es ESP,MF,Manchester City,27,1996,7.7,47,6.35,42,0,2,1,2,0,6,0.81,4,0,0,1,1,0
587,Rodrygo,br BRA,FW,Real Madrid,22,2001,11.2,43,3.82,30,1,7,3,2,0,6,0.53,4,0,0,1,1,0
588,Alessio Romagnoli,it ITA,DF,Lazio,28,1995,6.0,4,0.67,3,0,0,1,0,0,1,0.17,0,0,0,1,0,0
589,Oriol Romeu,es ESP,MF,Barcelona,31,1991,3.8,4,1.05,4,0,0,0,0,0,0,0.00,0,0,0,0,0,0
590,Jérôme Roussillon,fr FRA,DF,Union Berlin,30,1993,2.9,9,3.07,8,0,0,0,0,1,1,0.34,1,0,0,0,0,0
591,Nicolò Rovella,it ITA,MF,Lazio,21,2001,1.5,2,1.32,2,0,0,0,0,0,0,0.00,0,0,0,0,0,0
592,Amir Rrahmani,xk KVX,DF,Napoli,29,1994,6.1,2,0.33,2,0,0,0,0,0,0,0.00,0,0,0,0,0,0
593,Donat Rrudhani,xk KVX,MF,Young Boys,24,1999,0.1,1,10.00,0,1,0,0,0,0,0,0.00,0,0,0,0,0,0
594,Antonio Rüdiger,de GER,DF,Real Madrid,30,1993,11.6,9,0.80,8,0,0,1,0,0,2,0.18,2,0,0,0,0,0
595,Mário Rui,pt POR,DF,Napoli,32,1991,2.4,6,2.55,5,1,0,0,0,0,0,0.00,0,0,0,0,0,0
596,Abel Ruiz,es ESP,"FW,MF",Braga,23,2000,2.4,8,3.40,8,0,0,0,0,0,1,0.42,1,0,0,0,0,0
598,Fabián Ruiz Peña,es ESP,MF,Paris S-G,27,1996,6.9,20,2.91,18,0,2,0,0,0,4,0.58,4,0,0,0,0,0
599,Julian Ryerson,no NOR,DF,Dortmund,25,1997,10.0,13,1.31,9,2,2,0,0,0,1,0.10,1,0,0,0,0,0
600,Frederik Rønnow,dk DEN,GK,Union Berlin,30,1992,6.0,1,0.17,1,0,0,0,0,0,1,0.17,1,0,0,0,0,0
601,Serdar Saatçı,tr TUR,DF,Braga,20,2003,3.6,2,0.55,0,0,0,2,0,0,0,0.00,0,0,0,0,0,0
602,Marcel Sabitzer,at AUT,MF,Dortmund,29,1994,10.3,23,2.23,18,1,1,0,1,2,7,0.68,6,0,0,0,0,1
603,Umar Sadiq,ng NGA,FW,Real Sociedad,26,1997,1.1,2,1.76,2,0,0,0,0,0,0,0.00,0,0,0,0,0,0
604,Ismael Saibari,ma MAR,MF,PSV Eindhoven,22,2001,3.5,9,2.55,7,0,0,2,0,0,0,0.00,0,0,0,0,0,0
605,Wesley Saïd,fr FRA,"FW,MF",Lens,28,1995,0.6,4,6.55,2,0,1,1,0,0,0,0.00,0,0,0,0,0,0
606,Bukayo Saka,eng ENG,FW,Arsenal,21,2001,8.0,35,4.57,21,3,4,1,5,1,6,0.78,5,0,1,0,0,0
607,Kike Salas,es ESP,DF,Sevilla,21,2002,1.8,4,2.18,3,1,0,0,0,0,1,0.55,1,0,0,0,0,0
608,William Saliba,fr FRA,DF,Arsenal,22,2001,10.0,1,0.10,1,0,0,0,0,0,0,0.00,0,0,0,0,0,0
609,Brice Samba,fr FRA,GK,Lens,29,1994,6.0,0,0.00,0,0,0,0,0,0,0,0.00,0,0,0,0,0,0
610,Alexis Sánchez,cl CHI,FW,Inter,34,1988,3.7,13,3.71,7,2,0,1,3,0,0,0.00,0,0,0,0,0,0
611,Davinson Sánchez,co COL,DF,Galatasaray,27,1996,4.0,8,2.00,7,0,0,0,0,1,2,0.50,2,0,0,0,0,0
612,Juanlu Sánchez,es ESP,DF,Sevilla,19,2003,3.6,4,1.12,3,0,0,0,1,0,1,0.28,1,0,0,0,0,0
613,Jadon Sancho,eng ENG,FW,Dortmund,23,2000,6.2,27,4.35,19,2,6,0,0,0,2,0.32,2,0,0,0,0,0
614,Leroy Sané,de GER,FW,Bayern Munich,27,1996,10.2,41,4.00,29,0,7,3,1,1,6,0.59,3,0,1,1,1,0
615,Zaidu Sanusi,ng NGA,DF,Porto,26,1997,3.4,5,1.47,4,1,0,0,0,0,1,0.29,1,0,0,0,0,0
616,Bouna Sarr,sn SEN,DF,Bayern Munich,31,1992,0.1,0,0.00,0,0,0,0,0,0,0,0.00,0,0,0,0,0,0
617,Leo Sauer,sk SVK,"MF,FW",Feyenoord,17,2005,0.2,0,0.00,0,0,0,0,0,0,0,0.00,0,0,0,0,0,0
618,Stefan Savić,me MNE,DF,Atlético Madrid,32,1991,4.6,2,0.47,2,0,0,0,0,0,1,0.23,1,0,0,0,0,0
619,Liam Scales,ie IRL,DF,Celtic,24,1998,6.0,4,0.67,3,0,0,0,1,0,1,0.17,0,0,0,0,1,0
620,Fabian Schär,ch SUI,DF,Newcastle Utd,31,1991,6.0,3,0.50,3,0,0,0,0,0,1,0.17,1,0,0,0,0,0
621,Alexander Schlager,at AUT,GK,RB Salzburg,27,1996,6.0,1,0.17,0,1,0,0,0,0,0,0.00,0,0,0,0,0,0
622,Xaver Schlager,at AUT,MF,RB Leipzig,25,1997,6.9,21,3.03,19,0,1,0,0,1,5,0.72,3,0,1,0,0,1
624,Nico Schlotterbeck,de GER,DF,Dortmund,23,1999,10.8,14,1.29,12,0,0,0,2,0,2,0.18,2,0,0,0,0,0
625,Jerdy Schouten,nl NED,"MF,DF",PSV Eindhoven,26,1997,6.9,17,2.46,14,1,1,0,0,1,1,0.14,1,0,0,0,0,0
626,Nicolas Seiwald,at AUT,MF,RB Leipzig,22,2001,3.0,4,1.32,4,0,0,0,0,0,0,0.00,0,0,0,0,0,0
627,Benjamin Šeško,si SVN,FW,RB Leipzig,20,2003,4.5,12,2.67,7,0,1,4,0,0,1,0.22,0,0,1,0,0,0
628,Luke Shaw,eng ENG,DF,Manchester Utd,28,1995,1.5,4,2.67,3,0,0,1,0,0,1,0.67,1,0,0,0,0,0
629,Maryan Shved,ua UKR,FW,Shakhtar,26,1997,0.1,0,0.00,0,0,0,0,0,0,0,0.00,0,0,0,0,0,0
630,Danylo Sikan,ua UKR,FW,Shakhtar,22,2001,5.3,14,2.65,9,0,2,1,2,0,1,0.19,0,0,0,0,1,0
631,André Silva,pt POR,FW,Real Sociedad,27,1995,1.0,3,2.93,2,0,1,0,0,0,0,0.00,0,0,0,0,0,0
632,António Silva,pt POR,DF,Benfica,19,2003,3.1,4,1.30,4,0,0,0,0,0,1,0.32,1,0,0,0,0,0
633,Bernardo Silva,pt POR,"FW,MF",Manchester City,28,1994,5.9,27,4.82,21,2,0,2,2,0,3,0.54,3,0,0,0,0,0
634,Rafa Silva,pt POR,"MF,FW",Benfica,30,1993,5.6,12,2.15,8,0,0,1,2,1,2,0.36,1,0,0,0,0,1
635,Mohamed Simakan,fr FRA,DF,RB Leipzig,23,2000,6.6,10,1.51,7,0,0,2,1,0,1,0.15,1,0,0,0,0,0
636,Giovanni Simeone,ar ARG,FW,Napoli,28,1995,1.1,4,3.71,1,0,0,2,1,0,0,0.00,0,0,0,0,0,0
637,Roko Simic,hr CRO,FW,RB Salzburg,19,2003,3.8,10,2.66,8,0,0,2,0,0,3,0.80,2,0,0,1,0,0
638,Xavi Simons,nl NED,"MF,FW",RB Leipzig,20,2003,6.6,43,6.49,28,6,5,3,1,0,2,0.30,2,0,0,0,0,0
639,Leo Skiri Østigård,no NOR,DF,Napoli,23,1999,2.1,3,1.44,3,0,0,0,0,0,0,0.00,0,0,0,0,0,0
640,Milan Škriniar,sk SVK,DF,Paris S-G,28,1995,6.0,7,1.17,6,0,0,1,0,0,0,0.00,0,0,0,0,0,0
641,Emile Smith Rowe,eng ENG,MF,Arsenal,23,2000,0.5,6,12.27,5,0,0,1,0,0,1,2.05,1,0,0,0,0,0
642,Cédric Soares,pt POR,DF,Arsenal,31,1991,0.7,2,2.95,2,0,0,0,0,0,1,1.48,1,0,0,0,0,0
643,Carlos Soler,es ESP,"MF,FW",Paris S-G,26,1997,0.1,0,0.00,0,0,0,0,0,0,0,0.00,0,0,0,0,0,0
644,Oumar Solet,fr FRA,DF,RB Salzburg,23,2000,1.7,0,0.00,0,0,0,0,0,0,0,0.00,0,0,0,0,0,0
645,Yann Sommer,ch SUI,GK,Inter,34,1988,7.3,0,0.00,0,0,0,0,0,0,0,0.00,0,0,0,0,0,0
646,Florian Sotoca,fr FRA,MF,Lens,32,1990,5.2,11,2.12,10,0,0,0,0,1,4,0.77,3,0,0,0,0,1
647,Boubakary Soumaré,fr FRA,MF,Sevilla,24,1999,2.4,3,1.25,3,0,0,0,0,0,0,0.00,0,0,0,0,0,0
648,Djibril Sow,ch SUI,MF,Sevilla,26,1997,4.1,1,0.24,0,0,0,0,1,0,0,0.00,0,0,0,0,0,0
650,Çağlar Söyüncü,tr TUR,DF,Atlético Madrid,27,1996,0.7,1,1.53,1,0,0,0,0,0,0,0.00,0,0,0,0,0,0
651,Uroš Spajić,rs SRB,DF,Red Star,30,1993,0.7,0,0.00,0,0,0,0,0,0,0,0.00,0,0,0,0,0,0
652,Marco Sportiello,it ITA,GK,Milan,31,1992,0.1,1,9.00,1,0,0,0,0,0,0,0.00,0,0,0,0,0,0
653,Marko Stamenic,nz NZL,MF,Red Star,21,2002,3.3,4,1.22,4,0,0,0,0,0,0,0.00,0,0,0,0,0,0
654,Orri Steinn Óskarsson,is ISL,FW,FC Copenhagen,18,2004,1.6,1,0.62,1,0,0,0,0,0,1,0.62,1,0,0,0,0,0
655,Calvin Stengs,nl NED,"FW,MF",Feyenoord,24,1998,5.2,25,4.80,16,7,1,0,0,1,2,0.38,2,0,0,0,0,0
656,Taras Stepanenko,ua UKR,MF,Shakhtar,33,1989,5.5,7,1.28,6,0,0,1,0,0,2,0.36,2,0,0,0,0,0
657,John Stones,eng ENG,"DF,MF",Manchester City,29,1994,3.8,7,1.89,7,0,0,0,0,0,3,0.81,3,0,0,0,0,0
658,Luka Sučić,hr CRO,"FW,MF",RB Salzburg,20,2002,4.4,12,2.76,12,0,0,0,0,0,1,0.23,1,0,0,0,0,0
659,Heorhiy Sudakov,ua UKR,MF,Shakhtar,20,2002,6.0,21,3.50,17,4,0,0,0,0,2,0.33,2,0,0,0,0,0
660,Niklas Süle,de GER,DF,Dortmund,27,1995,4.4,5,1.14,5,0,0,0,0,0,0,0.00,0,0,0,0,0,0
661,Suso,es ESP,MF,Sevilla,29,1993,0.9,4,4.39,3,0,1,0,0,0,0,0.00,0,0,0,0,0,0
662,Mahamadou Susoho,es ESP,MF,Manchester City,18,2005,0.2,0,0.00,0,0,0,0,0,0,0,0.00,0,0,0,0,0,0
663,Christian Sørensen,dk DEN,DF,FC Copenhagen,30,1992,0.5,3,6.00,1,2,0,0,0,0,1,2.00,1,0,0,0,0,0
664,Mehdi Taremi,ir IRN,FW,Porto,31,1992,6.1,15,2.62,10,0,1,3,0,1,5,0.87,3,0,1,0,0,1
665,Matt Targett,eng ENG,DF,Newcastle Utd,27,1995,0.2,2,8.18,1,1,0,0,0,0,0,0.00,0,0,0,0,0,0
666,Greg Taylor,sct SCO,DF,Celtic,25,1997,6.0,9,1.50,8,0,0,1,0,0,1,0.17,1,0,0,0,0,0
667,Aurélien Tchouaméni,fr FRA,"MF,DF",Real Madrid,23,2000,6.7,11,1.64,10,0,0,1,0,0,1,0.15,1,0,0,0,0,0
668,Mathys Tel,fr FRA,"FW,MF",Bayern Munich,18,2005,1.6,10,6.25,6,0,1,3,0,0,1,0.62,1,0,0,0,0,0
669,Casper Tengstedt,dk DEN,FW,Benfica,23,2000,1.5,3,1.97,2,0,0,1,0,0,1,0.66,1,0,0,0,0,0
670,Marc-André ter Stegen,de GER,GK,Barcelona,31,1992,8.0,2,0.25,2,0,0,0,0,0,0,0.00,0,0,0,0,0,0
671,Aleksa Terzić,rs SRB,DF,RB Salzburg,23,1999,2.0,6,3.00,6,0,0,0,0,0,0,0.00,0,0,0,0,0,0
672,Tetê,br BRA,FW,Galatasaray,23,2000,2.5,7,2.75,5,1,0,1,0,0,0,0.00,0,0,0,0,0,0
673,Jordan Teze,nl NED,DF,PSV Eindhoven,23,1999,8.0,18,2.25,17,1,0,0,0,0,0,0.00,0,0,0,0,0,0
674,Odin Thiago Holm,no NOR,MF,Celtic,20,2003,0.6,0,0.00,0,0,0,0,0,0,0,0.00,0,0,0,0,0,0
676,Malick Thiaw,de GER,DF,Milan,21,2001,4.1,5,1.23,5,0,0,0,0,0,0,0.00,0,0,0,0,0,0
677,Adrien Thomasson,fr FRA,MF,Lens,29,1993,2.5,7,2.81,5,2,0,0,0,0,0,0.00,0,0,0,0,0,0
678,Marcus Thuram,fr FRA,FW,Inter,25,1997,5.1,22,4.33,14,0,2,2,3,1,1,0.20,0,0,0,0,1,0
679,Kieran Tierney,sct SCO,DF,Real Sociedad,26,1997,0.7,3,4.09,2,0,0,0,0,1,0,0.00,0,0,0,0,0,0
680,Guus Til,nl NED,MF,PSV Eindhoven,25,1997,2.0,3,1.47,3,0,0,0,0,0,0,0.00,0,0,0,0,0,0
681,Malik Tillman,us USA,MF,PSV Eindhoven,21,2002,5.6,19,3.39,16,0,0,0,2,1,4,0.71,2,0,0,0,2,0
682,Quinten Timber,nl NED,MF,Feyenoord,22,2001,5.1,16,3.12,11,0,0,2,3,0,2,0.39,0,0,0,1,1,0
683,Takehiro Tomiyasu,jp JPN,DF,Arsenal,24,1998,4.3,10,2.32,8,1,0,0,1,0,2,0.46,2,0,0,0,0,0
684,Fikayo Tomori,eng ENG,DF,Milan,25,1997,6.0,7,1.17,6,0,0,1,0,0,1,0.17,0,0,0,1,0,0
685,Sandro Tonali,it ITA,MF,Newcastle Utd,23,2000,1.8,3,1.68,2,0,0,1,0,0,1,0.56,1,0,0,0,0,0
686,Lucas Torreira,uy URU,MF,Galatasaray,27,1996,5.5,14,2.54,10,0,2,1,1,0,2,0.36,1,0,0,0,1,0
687,Ferrán Torres,es ESP,FW,Barcelona,23,2000,4.2,16,3.80,11,0,0,1,3,1,3,0.71,2,0,0,0,1,0
688,Óliver Torres,es ESP,"FW,MF",Sevilla,28,1994,1.1,2,1.78,2,0,0,0,0,0,0,0.00,0,0,0,0,0,0
689,Lucas Tousart,fr FRA,MF,Union Berlin,26,1997,2.6,3,1.14,2,0,0,1,0,0,1,0.38,1,0,0,0,0,0
690,Chaka Traorè,ci CIV,MF,Milan,18,2004,0.2,1,6.43,1,0,0,0,0,0,0,0.00,0,0,0,0,0,0
691,Hamari Traoré,ml MLI,DF,Real Sociedad,31,1992,5.9,9,1.53,9,0,0,0,0,0,1,0.17,1,0,0,0,0,0
692,Gernot Trauner,at AUT,DF,Feyenoord,31,1992,3.1,4,1.29,4,0,0,0,0,0,0,0.00,0,0,0,0,0,0
693,Christopher Trimmel,at AUT,"FW,DF",Union Berlin,36,1987,1.4,7,5.00,4,3,0,0,0,0,1,0.71,1,0,0,0,0,0
694,Kieran Trippier,eng ENG,DF,Newcastle Utd,32,1990,5.7,15,2.64,8,6,0,0,0,1,1,0.18,1,0,0,0,0,0
695,Leandro Trossard,be BEL,FW,Arsenal,28,1994,5.9,17,2.88,10,3,2,1,1,0,2,0.34,2,0,0,0,0,0
696,Anatolii Trubin,ua UKR,GK,Benfica,21,2001,6.0,0,0.00,0,0,0,0,0,0,0,0.00,0,0,0,0,0,0
697,David Turnbull,sct SCO,"MF,FW",Celtic,24,1999,0.4,0,0.00,0,0,0,0,0,0,0,0.00,0,0,0,0,0,0
698,Beñat Turrientes,es ESP,MF,Real Sociedad,21,2002,2.1,9,4.22,5,1,1,2,0,0,1,0.47,1,0,0,0,0,0
699,Ayase Ueda,jp JPN,FW,Feyenoord,24,1998,1.7,5,3.00,2,0,0,1,2,0,1,0.60,0,0,0,1,0,0
700,Manuel Ugarte Ribeiro,uy URU,MF,Paris S-G,22,2001,4.3,4,0.92,4,0,0,0,0,0,0,0.00,0,0,0,0,0,0
702,Filip Ugrinic,ch SUI,MF,Young Boys,24,1999,5.7,17,2.97,12,5,0,0,0,0,1,0.17,1,0,0,0,0,0
703,Andreas Ulmer,at AUT,DF,RB Salzburg,37,1985,2.4,6,2.48,5,0,0,0,1,0,0,0.00,0,0,0,0,0,0
704,Sven Ulreich,de GER,GK,Bayern Munich,34,1988,3.0,1,0.33,1,0,0,0,0,0,0,0.00,0,0,0,0,0,0
705,Dayot Upamecano,fr FRA,DF,Bayern Munich,24,1998,5.5,3,0.54,2,1,0,0,0,0,0,0.00,0,0,0,0,0,0
706,Anthony Valencia,ec ECU,"MF,FW",Antwerp,20,2003,0.4,0,0.00,0,0,0,0,0,0,0,0.00,0,0,0,0,0,0
707,Federico Valverde,uy URU,"MF,FW",Real Madrid,25,1998,11.9,36,3.13,32,0,1,2,0,1,3,0.26,1,0,0,2,0,0
708,Zeno Van den Bosch,be BEL,DF,Antwerp,20,2003,1.0,1,0.95,1,0,0,0,0,0,0,0.00,0,0,0,0,0,0
709,Raphaël Varane,fr FRA,DF,Manchester Utd,30,1993,3.7,2,0.54,1,1,0,0,0,0,0,0.00,0,0,0,0,0,0
710,Alan Varela,ar ARG,MF,Porto,22,2001,7.8,13,1.66,11,0,2,0,0,0,1,0.13,1,0,0,0,0,0
711,Denis Vavro,sk SVK,DF,FC Copenhagen,27,1996,7.9,3,0.38,2,1,0,0,0,0,0,0.00,0,0,0,0,0,0
712,Lucas Vázquez,es ESP,DF,Real Madrid,32,1991,4.2,19,4.79,19,0,0,0,0,0,3,0.76,3,0,0,0,0,0
713,Matías Vecino,uy URU,MF,Lazio,31,1991,5.2,4,0.77,4,0,0,0,0,0,0,0.00,0,0,0,0,0,0
714,Joey Veerman,nl NED,MF,PSV Eindhoven,24,1998,6.4,33,5.16,23,9,0,1,0,0,1,0.16,1,0,0,0,0,0
715,Arthur Vermeeren,be BEL,MF,Antwerp,18,2005,6.0,16,2.67,13,0,1,1,1,0,2,0.33,2,0,0,0,0,0
716,Yorbe Vertessen,be BEL,FW,PSV Eindhoven,22,2001,1.8,6,3.35,3,0,1,0,2,0,1,0.56,1,0,0,0,0,0
717,Fabio Vieira,pt POR,FW,Arsenal,23,2000,1.0,4,4.04,4,0,0,0,0,0,0,0.00,0,0,0,0,0,0
718,Vitinha,pt POR,MF,Paris S-G,23,2000,10.2,42,4.14,36,3,1,1,0,1,4,0.39,4,0,0,0,0,0
719,Kevin Volland,de GER,"FW,MF",Union Berlin,31,1992,2.6,4,1.53,3,0,1,0,0,0,0,0.00,0,0,0,0,0,0
720,Stefan de Vrij,nl NED,DF,Inter,31,1992,5.5,4,0.77,4,0,0,0,0,0,0,0.00,0,0,0,0,0,0
721,Elye Wahi,fr FRA,FW,Lens,20,2003,5.1,7,1.38,5,0,0,0,2,0,3,0.59,2,0,0,0,1,0
722,Kyle Walker,eng ENG,DF,Manchester City,33,1990,5.6,11,2.09,9,0,0,2,0,0,0,0.00,0,0,0,0,0,0
723,Aaron Wan-Bissaka,eng ENG,DF,Manchester Utd,25,1997,2.4,3,1.27,3,0,0,0,0,0,2,0.85,2,0,0,0,0,0
724,Timon Wellenreuther,de GER,GK,Feyenoord,27,1995,2.0,0,0.00,0,0,0,0,0,0,0,0.00,0,0,0,0,0,0
725,Stephen Welsh,sct SCO,DF,Celtic,23,2000,0.8,2,2.43,2,0,0,0,0,0,0,0.00,0,0,0,0,0,0
726,Wendell,br BRA,DF,Porto,30,1993,4.3,4,1.01,4,0,0,0,0,0,0,0.00,0,0,0,0,0,0
728,Timo Werner,de GER,"FW,MF",RB Leipzig,27,1996,0.6,0,0.00,0,0,0,0,0,0,0,0.00,0,0,0,0,0,0
729,Ben White,eng ENG,DF,Arsenal,25,1997,8.4,17,2.11,15,1,1,0,0,0,2,0.25,2,0,0,0,0,0
730,Mats Wieffer,nl NED,MF,Feyenoord,23,1999,5.2,14,2.68,13,0,0,0,0,1,3,0.57,3,0,0,0,0,0
731,Owen Wijndal,nl NED,DF,Antwerp,23,1999,5.0,6,1.20,4,1,0,0,1,0,0,0.00,0,0,0,0,0,0
732,Joe Willock,eng ENG,MF,Newcastle Utd,23,1999,1.1,1,0.90,1,0,0,0,0,0,0,0.00,0,0,0,0,0,0
733,Callum Wilson,eng ENG,FW,Newcastle Utd,31,1992,2.7,2,0.75,2,0,0,0,0,0,0,0.00,0,0,0,0,0,0
734,Axel Witsel,be BEL,"DF,MF",Atlético Madrid,34,1989,9.8,6,0.63,5,0,0,0,0,1,1,0.11,1,0,0,0,0,0
735,Marius Wolf,de GER,"DF,FW",Dortmund,28,1995,3.2,6,1.88,5,0,0,1,0,0,0,0.00,0,0,0,0,0,0
736,Jacob Wright,eng ENG,FW,Manchester City,17,2005,0.0,1,30.00,1,0,0,0,0,0,0,0.00,0,0,0,0,0,0
737,Lamine Yamal,es ESP,FW,Barcelona,16,2007,6.4,29,4.53,21,0,6,1,1,0,3,0.47,2,0,1,0,0,0
738,Alhassan Yusuf,ng NGA,MF,Antwerp,23,2000,4.2,6,1.42,5,0,0,0,0,1,2,0.47,1,0,0,0,0,1
739,Mattia Zaccagni,it ITA,FW,Lazio,28,1995,5.1,16,3.13,8,0,2,2,4,0,0,0.00,0,0,0,0,0,0
740,Wilfried Zaha,ci CIV,FW,Galatasaray,30,1992,4.4,12,2.71,9,0,2,0,1,0,3,0.68,2,0,1,0,0,0
741,Warren Zaïre-Emery,fr FRA,MF,Paris S-G,17,2006,10.0,38,3.78,34,2,1,0,1,0,5,0.50,4,0,1,0,0,0
742,Arsen Zakharyan,ru RUS,"FW,MF",Real Sociedad,20,2003,2.4,10,4.11,6,3,0,1,0,0,0,0.00,0,0,0,0,0,0
743,Rodrigo Zalazar,uy URU,MF,Braga,23,1999,4.4,16,3.65,8,8,0,0,0,0,2,0.46,1,1,0,0,0,0
744,Andre-Frank Zambo Anguissa,cm CMR,MF,Napoli,27,1995,7.0,15,2.15,13,0,0,1,1,0,2,0.29,2,0,0,0,0,0
745,Alessandro Zanoli,it ITA,DF,Napoli,22,2000,0.0,1,22.50,0,0,1,0,0,0,0,0.00,0,0,0,0,0,0
746,Ramiz Zerrouki,dz ALG,MF,Feyenoord,25,1998,3.9,8,2.04,7,0,0,0,0,1,0,0.00,0,0,0,0,0,0
747,Piotr Zieliński,pl POL,MF,Napoli,29,1994,5.2,18,3.48,11,4,2,1,0,0,1,0.19,1,0,0,0,0,0
748,Oleksandr Zinchenko,ua UKR,DF,Arsenal,26,1996,3.1,2,0.69,2,0,0,0,0,0,0,0.00,0,0,0,0,0,0
749,Hakim Ziyech,ma MAR,FW,Galatasaray,30,1993,2.8,12,4.32,8,1,0,2,1,0,2,0.72,1,0,0,0,1,0
750,Igor Zubeldia,es ESP,DF,Real Sociedad,26,1997,7.7,5,0.65,4,0,0,1,0,0,0,0.00,0,0,0,0,0,0
751,Martín Zubimendi,es ESP,MF,Real Sociedad,24,1999,7.9,12,1.52,12,0,0,0,0,0,0,0.00,0,0,0,0,0,0
752,Oleksandr Zubkov,ua UKR,"FW,MF",Shakhtar,26,1996,5.9,15,2.52,11,1,0,0,2,1,2,0.34,1,1,0,0,0,0
754,Martin Ødegaard,no NOR,MF,Arsenal,24,1998,8.3,23,2.87,17,4,0,1,0,1,3,0.37,2,0,0,1,0,0
755,Łukasz Łakomy,pl POL,MF,Young Boys,22,2001,0.2,1,4.29,1,0,0,0,0,0,0,0.00,0,0,0,0,0,0
