,Player,Nation,Pos,Squad.2,Age,Born,90s,Cmp,Att,Cmp%,TotDist,PrgDist,Cmp1,Att1,Cmp%1,Cmp2,Att2,Cmp%2,Cmp3,Att3,Cmp%3,Ast,xAG,xA,A-xAG,KP,1/3,PPA,CrsPA,PrgP
0,Patrick van Aanholt,nl NED,"MF,DF",PSV Eindhoven,32,1990,1.1,38,45,84.4,630,214,17,19,89.5,18,20,90.0,2,2,100.0,0,0.0,0.0,0.0,1,3,0,0,3
1,Brenden Aaronson,us USA,MF,Union Berlin,22,2000,1.5,29,40,72.5,471,168,16,20,80.0,11,14,78.6,2,3,66.7,0,0.0,0.0,0.0,0,6,0,0,2
2,Salis Abdul Samed,gh GHA,MF,Lens,23,2000,5.5,166,193,86.0,2551,681,87,100,87.0,65,74,87.8,9,11,81.8,0,0.3,0.3,-0.3,6,18,1,0,13
3,Francesco Acerbi,it ITA,DF,Inter,35,1988,4.7,261,304,85.9,4640,1353,101,113,89.4,134,150,89.3,21,29,72.4,1,0.3,0.1,0.7,1,12,1,1,22
4,Elias Achouri,tn TUN,"FW,MF",FC Copenhagen,24,1999,6.1,126,182,69.2,1740,436,75,88,85.2,45,58,77.6,2,15,13.3,1,0.9,1.6,0.1,5,4,6,2,16
5,Marcos Acuña,ar ARG,DF,Sevilla,31,1991,2.2,59,87,67.8,986,382,33,35,94.3,18,27,66.7,7,17,41.2,1,0.5,0.4,0.5,1,4,4,2,5
6,Karim Adeyemi,de GER,FW,Dortmund,21,2002,7.9,149,200,74.5,2109,501,93,114,81.6,31,40,77.5,11,17,64.7,1,1.4,0.9,-0.4,14,5,8,3,12
7,Yacine Adli,fr FRA,MF,Milan,23,2000,1.4,74,91,81.3,1539,471,34,38,89.5,24,32,75.0,16,21,76.2,0,0.1,0.1,-0.1,2,11,2,1,11
8,Ruben Aguilar,fr FRA,DF,Lens,30,1993,1.1,33,43,76.7,400,231,22,25,88.0,9,15,60.0,0,1,0.0,0,0.0,0.0,0.0,0,2,0,0,2
9,Manuel Akanji,ch SUI,"DF,MF",Manchester City,28,1995,7.4,618,652,94.8,9842,2622,324,334,97.0,253,262,96.6,32,39,82.1,0,0.6,0.5,-0.6,5,51,6,0,47
10,Nathan Aké,nl NED,"DF,MF",Manchester City,28,1995,4.3,406,422,96.2,6460,1869,209,213,98.1,174,182,95.6,19,21,90.5,0,0.4,0.5,-0.4,6,45,4,2,32
11,Kerem Aktürkoğlu,tr TUR,"MF,FW",Galatasaray,24,1998,4.9,92,141,65.2,1476,537,48,60,80.0,25,39,64.1,12,25,48.0,0,0.9,1.5,-0.9,9,6,8,3,13
12,David Alaba,at AUT,DF,Real Madrid,31,1992,2.8,190,212,89.6,3007,924,100,101,99.0,77,85,90.6,10,21,47.6,1,0.4,0.4,0.6,2,11,3,2,6
13,Luis Alberto,es ESP,MF,Lazio,30,1992,7.1,396,497,79.7,6671,2102,200,222,90.1,155,187,82.9,34,69,49.3,1,2.2,2.2,-1.2,21,57,12,1,71
14,Toby Alderweireld,be BEL,DF,Antwerp,34,1989,5.0,263,319,82.4,5980,2204,68,76,89.5,141,151,93.4,51,85,60.0,0,0.1,0.4,-0.1,3,29,1,1,18
15,Mohamed Ali Cho,fr FRA,"FW,MF",Real Sociedad,19,2004,1.5,22,31,71.0,301,51,12,14,85.7,7,8,87.5,1,1,100.0,0,0.0,0.0,0.0,1,1,1,1,2
16,Miguel Almirón,py PAR,FW,Newcastle Utd,29,1994,4.6,117,156,75.0,1732,522,69,85,81.2,40,49,81.6,5,11,45.5,1,0.6,0.7,0.4,4,6,5,0,23
17,Marcos Alonso,es ESP,"DF,FW",Barcelona,32,1990,1.5,79,94,84.0,1399,316,42,45,93.3,29,33,87.9,8,13,61.5,0,0.0,0.1,0.0,1,5,1,1,9
18,Barış Alper Yılmaz,tr TUR,"FW,MF",Galatasaray,23,2000,1.4,31,39,79.5,403,74,23,28,82.1,7,7,100.0,1,3,33.3,1,0.5,0.1,0.5,1,0,1,0,1
19,Julián Álvarez,ar ARG,"MF,FW",Manchester City,23,2000,3.1,157,184,85.3,2294,534,106,112,94.6,35,47,74.5,12,18,66.7,2,1.3,0.9,0.7,16,11,3,0,19
20,Mohamed Aly Camara,gn GUI,DF,Young Boys,25,1997,5.0,172,214,80.4,3530,1060,41,47,87.2,110,123,89.4,19,41,46.3,1,0.0,0.1,1.0,2,10,1,0,13
21,Aurele Amenda,ch SUI,DF,Young Boys,20,2003,3.5,125,143,87.4,2926,759,24,28,85.7,71,76,93.4,30,35,85.7,0,0.0,0.0,0.0,1,7,0,0,6
22,Sofyan Amrabat,ma MAR,"MF,DF",Manchester Utd,26,1996,3.6,151,176,85.8,2690,723,57,64,89.1,82,95,86.3,10,13,76.9,0,0.1,0.3,-0.1,1,9,1,1,12
23,Elliot Anderson,eng ENG,MF,Newcastle Utd,20,2002,0.5,11,15,73.3,136,45,8,8,100.0,3,4,75.0,0,3,0.0,0,0.1,0.0,-0.1,1,0,0,0,1
24,Felipe Anderson,br BRA,FW,Lazio,30,1993,6.0,189,242,78.1,2750,692,113,126,89.7,67,88,76.1,6,11,54.5,1,1.3,1.0,-0.3,11,10,10,2,26
26,Angeliño,es ESP,DF,Galatasaray,26,1997,4.7,200,282,70.9,3300,1177,106,131,80.9,76,107,71.0,15,30,50.0,0,0.1,0.3,-0.1,3,17,6,2,26
27,Peter Ankersen,dk DEN,DF,FC Copenhagen,32,1990,5.2,186,249,74.7,3127,846,98,111,88.3,65,84,77.4,19,43,44.2,0,0.3,0.4,-0.3,5,10,5,5,11
28,Antony,br BRA,FW,Manchester Utd,23,2000,2.6,64,82,78.0,871,291,36,43,83.7,23,27,85.2,1,2,50.0,0,0.1,0.3,-0.1,1,5,5,0,14
29,Jon Aramburu,ve VEN,DF,Real Sociedad,21,2002,0.0,3,4,75.0,42,4,2,3,66.7,1,1,100.0,0,0,0.0,0,0.0,0.0,0.0,0,0,0,0,0
30,Ronald Araújo,uy URU,DF,Barcelona,24,1999,7.3,377,438,86.1,7551,2570,108,120,90.0,230,248,92.7,38,63,60.3,0,0.3,0.3,-0.3,6,29,0,0,27
31,Tomás Araújo,pt POR,DF,Benfica,21,2002,1.8,70,89,78.7,1336,489,26,35,74.3,29,32,90.6,11,16,68.8,0,0.0,0.0,0.0,1,6,0,0,5
32,Marko Arnautović,at AUT,FW,Inter,34,1989,2.1,23,35,65.7,313,23,13,18,72.2,10,13,76.9,0,0,0.0,0,0.0,0.1,0.0,0,0,1,0,1
33,Kepa Arrizabalaga,es ESP,GK,Real Madrid,28,1994,4.0,128,142,90.1,2995,1901,31,31,100.0,69,70,98.6,28,41,68.3,0,0.0,0.0,0.0,0,0,0,0,0
34,Marco Asensio,es ESP,"FW,MF",Paris S-G,27,1996,1.4,50,59,84.7,857,177,27,30,90.0,18,19,94.7,5,7,71.4,0,0.2,0.0,-0.2,3,4,1,0,9
35,Kristjan Asllani,al ALB,MF,Inter,21,2002,2.3,141,156,90.4,2773,628,47,50,94.0,78,82,95.1,16,21,76.2,0,0.2,0.3,-0.2,1,9,1,0,14
36,Otavio Ataide,br BRA,DF,Porto,21,2002,2.3,72,102,70.6,1618,528,20,21,95.2,38,43,88.4,14,35,40.0,1,0.0,0.0,1.0,1,4,0,0,2
37,Emil Audero,it ITA,GK,Inter,26,1997,1.0,35,37,94.6,804,485,6,6,100.0,21,21,100.0,8,10,80.0,0,0.0,0.0,0.0,0,0,0,0,0
38,Carlos Augusto,br BRA,"DF,FW",Inter,24,1999,5.3,203,274,74.1,3356,1075,113,136,83.1,69,94,73.4,19,34,55.9,0,0.1,0.1,-0.1,2,15,2,1,15
39,Yann Aurel Bisseck,de GER,DF,Inter,22,2000,1.9,147,159,92.5,2434,737,70,73,95.9,64,68,94.1,10,13,76.9,0,0.1,0.2,-0.1,1,10,3,3,12
40,Fredrik Aursnes,no NOR,"DF,MF",Benfica,27,1995,6.0,252,325,77.5,4071,1465,121,140,86.4,97,117,82.9,20,43,46.5,1,0.8,1.2,0.2,6,22,1,0,24
41,Kaan Ayhan,tr TUR,"MF,DF",Galatasaray,28,1994,4.2,159,209,76.1,2578,701,72,87,82.8,71,86,82.6,11,23,47.8,0,0.2,0.1,-0.2,2,18,1,0,18
42,Neil El Aynaoui,fr FRA,MF,Lens,22,2001,1.5,36,42,85.7,451,123,18,20,90.0,13,16,81.3,0,0,0.0,0,0.1,0.1,-0.1,1,4,1,0,3
43,Irakli Azarov,ge GEO,DF,Shakhtar,21,2002,3.3,147,177,83.1,2449,695,68,76,89.5,68,79,86.1,9,14,64.3,1,0.9,0.5,0.1,6,9,4,2,15
44,César Azpilicueta,es ESP,DF,Atlético Madrid,33,1989,3.2,154,174,88.5,2427,849,71,71,100.0,71,80,88.8,7,15,46.7,0,0.0,0.1,0.0,0,7,2,0,10
45,Isaac Babadi,nl NED,"FW,MF",PSV Eindhoven,18,2005,0.2,13,15,86.7,228,69,6,7,85.7,6,6,100.0,1,2,50.0,0,0.0,0.1,0.0,0,3,1,0,4
46,Loïc Bade,fr FRA,DF,Sevilla,23,2000,1.1,39,48,81.3,760,211,17,20,85.0,16,17,94.1,6,9,66.7,0,0.0,0.0,0.0,0,2,0,0,0
47,Alexander Bah,dk DEN,DF,Benfica,25,1997,2.1,118,162,72.8,2122,997,52,64,81.3,54,70,77.1,10,19,52.6,0,0.1,0.1,-0.1,2,14,1,0,9
48,Samson Baidoo,at AUT,DF,RB Salzburg,19,2004,3.4,161,200,80.5,3139,959,54,62,87.1,88,102,86.3,17,31,54.8,0,0.0,0.0,0.0,0,8,0,0,11
49,Cédric Bakambu,cd COD,FW,Galatasaray,32,1991,0.4,7,11,63.6,93,6,2,3,66.7,4,5,80.0,0,0,0.0,0,0.0,0.0,0.0,1,0,0,0,0
50,Johan Bakayoko,be BEL,FW,PSV Eindhoven,20,2003,7.2,185,248,74.6,2736,608,98,118,83.1,66,77,85.7,9,27,33.3,1,1.8,2.4,-0.8,19,8,13,6,11
52,Alejandro Balde,es ESP,DF,Barcelona,19,2003,3.7,219,255,85.9,3402,645,127,136,93.4,80,93,86.0,11,13,84.6,0,0.2,0.3,-0.2,2,9,5,2,17
53,Michel-Ange Balikwisha,be BEL,"FW,MF",Antwerp,22,2001,4.3,87,127,68.5,1563,406,39,48,81.3,34,43,79.1,10,21,47.6,0,0.6,0.3,-0.6,5,9,5,2,14
54,David von Ballmoos,ch SUI,GK,Young Boys,28,1994,1.0,28,40,70.0,740,487,4,4,100.0,15,15,100.0,9,18,50.0,0,0.0,0.0,0.0,0,0,0,0,0
55,Simon Banza,cd COD,FW,Braga,26,1996,3.8,56,78,71.8,733,129,34,41,82.9,15,21,71.4,3,3,100.0,1,0.2,0.2,0.8,3,2,4,0,10
56,Bradley Barcola,fr FRA,"FW,DF",Paris S-G,20,2002,5.3,148,187,79.1,2094,599,88,104,84.6,54,68,79.4,1,7,14.3,1,0.7,1.1,0.3,11,7,8,2,22
57,Abdülkerim Bardakcı,tr TUR,DF,Galatasaray,28,1994,6.0,318,392,81.1,6301,2066,101,113,89.4,172,198,86.9,38,71,53.5,0,0.0,0.2,0.0,0,29,3,0,34
58,Roony Bardghji,se SWE,"MF,FW",FC Copenhagen,17,2005,1.6,46,53,86.8,558,75,28,32,87.5,10,11,90.9,2,3,66.7,0,0.3,0.2,-0.3,3,1,0,0,2
59,Nicolò Barella,it ITA,MF,Inter,26,1997,5.2,280,343,81.6,4511,1443,160,181,88.4,87,106,82.1,25,33,75.8,1,1.8,1.6,-0.8,14,26,16,5,46
60,Harvey Barnes,eng ENG,FW,Newcastle Utd,25,1997,0.0,0,1,0.0,0,0,0,0,0.0,0,1,0.0,0,0,0.0,0,0.0,0.0,0.0,0,0,0,0,0
61,Romário Baró,pt POR,MF,Porto,23,2000,0.7,16,18,88.9,227,53,5,6,83.3,8,8,100.0,1,1,100.0,0,0.1,0.1,-0.1,2,3,0,0,1
62,Ander Barrenetxea,es ESP,"FW,MF",Real Sociedad,21,2001,4.4,136,181,75.1,2134,524,69,89,77.5,47,56,83.9,11,15,73.3,1,1.2,1.2,-0.2,6,1,11,3,21
63,Pablo Barrios,es ESP,MF,Atlético Madrid,20,2003,2.9,159,181,87.8,2774,812,75,80,93.8,65,77,84.4,16,18,88.9,1,0.3,0.3,0.7,4,13,6,3,15
64,Davide Bartesaghi,it ITA,FW,Milan,17,2005,0.0,2,2,100.0,14,13,2,2,100.0,0,0,0.0,0,0,0.0,0,0.0,0.0,0.0,0,2,0,0,0
65,Alessandro Bastoni,it ITA,DF,Inter,24,1999,5.6,339,401,84.5,6651,1883,117,124,94.4,173,188,92.0,48,73,65.8,0,0.4,0.5,-0.4,6,21,5,3,23
66,Jelle Bataille,be BEL,DF,Antwerp,24,1999,4.6,202,260,77.7,3462,1165,89,96,92.7,85,109,78.0,20,38,52.6,1,1.0,0.9,0.0,5,15,7,2,21
67,Christoph Baumgartner,at AUT,MF,RB Leipzig,23,1999,1.3,34,46,73.9,550,181,20,24,83.3,9,10,90.0,4,7,57.1,0,0.1,0.1,-0.1,1,4,2,0,5
68,Sheraldo Becker,sr SUR,FW,Union Berlin,28,1995,4.1,50,87,57.5,815,302,26,37,70.3,20,33,60.6,4,10,40.0,0,0.8,0.5,-0.8,7,5,8,3,11
69,Sheraldo Becker,sr SUR,FW,Real Sociedad,28,1995,0.7,9,18,50.0,154,40,2,7,28.6,7,11,63.6,0,0,0.0,0,0.0,0.0,0.0,0,0,0,0,0
70,Thomas Beelen,nl NED,DF,Feyenoord,22,2001,0.9,52,56,92.9,868,262,25,25,100.0,22,22,100.0,4,7,57.1,0,0.0,0.0,0.0,0,1,0,0,2
71,Kevin Behrens,de GER,FW,Union Berlin,32,1991,3.3,41,66,62.1,614,128,20,31,64.5,13,19,68.4,4,5,80.0,0,0.0,0.1,0.0,1,3,2,1,4
72,Armel Bella Kotchap,de GER,DF,PSV Eindhoven,21,2001,0.9,43,50,86.0,797,273,19,19,100.0,18,19,94.7,4,8,50.0,0,0.0,0.0,0.0,0,3,0,0,0
73,Jude Bellingham,eng ENG,"MF,FW",Real Madrid,20,2003,11.0,517,587,88.1,7503,1623,324,348,93.1,155,172,90.1,25,34,73.5,5,2.6,2.2,2.4,24,53,10,2,69
74,Walter Benítez,ar ARG,GK,PSV Eindhoven,30,1993,8.0,206,271,76.0,5027,3415,56,56,100.0,90,92,97.8,54,116,46.6,0,0.1,0.0,-0.1,1,2,0,0,1
75,Loris Benito,ch SUI,DF,Young Boys,31,1992,4.5,215,244,88.1,4097,1766,76,84,90.5,114,120,95.0,23,35,65.7,0,0.0,0.1,0.0,0,15,1,0,15
76,Ramy Bensebaini,dz ALG,DF,Dortmund,28,1995,4.2,174,226,77.0,2731,1079,95,104,91.3,60,82,73.2,13,26,50.0,0,0.1,0.1,-0.1,2,13,3,1,14
78,Lucas Beraldo,br BRA,DF,Paris S-G,19,2003,4.5,303,344,88.1,5628,1913,92,107,86.0,180,194,92.8,25,32,78.1,0,0.0,0.1,0.0,1,19,0,0,10
79,Paulo Bernardo,pt POR,MF,Celtic,21,2002,3.5,95,120,79.2,1279,235,62,72,86.1,27,32,84.4,2,6,33.3,0,0.1,0.1,-0.1,1,4,1,0,9
80,Juan Bernat,es ESP,DF,Benfica,30,1993,1.2,61,64,95.3,796,159,40,41,97.6,19,21,90.5,0,0,0.0,0,0.0,0.0,0.0,0,1,0,0,1
81,Mads Bidstrup,dk DEN,MF,RB Salzburg,22,2001,5.5,97,147,66.0,1583,404,54,68,79.4,34,49,69.4,8,18,44.4,0,0.0,0.0,0.0,0,12,0,0,11
82,Justin Bijlow,nl NED,GK,Feyenoord,25,1998,4.0,155,178,87.1,3099,1734,41,41,100.0,94,96,97.9,19,40,47.5,0,0.0,0.0,0.0,0,0,0,0,0
83,Janis Blaswich,de GER,GK,RB Leipzig,32,1991,5.0,211,241,87.6,5286,2833,39,40,97.5,116,117,99.1,56,84,66.7,1,0.3,0.0,0.7,1,3,0,0,0
84,Lewin Blum,ch SUI,DF,Young Boys,22,2001,2.4,54,84,64.3,1171,567,17,25,68.0,26,35,74.3,11,21,52.4,0,0.1,0.2,-0.1,3,7,4,4,6
85,Oscar Bobb,no NOR,"FW,MF",Manchester City,20,2003,2.4,87,99,87.9,946,160,60,64,93.8,16,22,72.7,0,0,0.0,0,0.2,0.9,-0.2,4,0,6,1,6
86,Sacha Boey,fr FRA,DF,Galatasaray,22,2000,6.0,298,372,80.1,4156,1466,182,207,87.9,95,118,80.5,10,20,50.0,0,0.5,0.7,-0.5,6,34,9,2,41
87,Nicolai Boilesen,dk DEN,"DF,FW",FC Copenhagen,31,1992,1.0,53,62,85.5,937,374,27,28,96.4,21,22,95.5,5,12,41.7,0,0.0,0.0,0.0,0,4,0,0,1
88,Valerii Bondar,ua UKR,DF,Shakhtar,24,1999,4.0,158,175,90.3,2671,1048,78,80,97.5,67,70,95.7,12,18,66.7,0,0.0,0.0,0.0,0,5,0,0,3
89,Artem Bondarenko,ua UKR,MF,Shakhtar,22,2000,2.5,130,145,89.7,1928,418,75,81,92.6,39,44,88.6,9,11,81.8,0,0.0,0.1,0.0,1,12,0,0,6
90,Leonardo Bonucci,it ITA,DF,Union Berlin,36,1987,2.9,60,83,72.3,1510,728,11,13,84.6,34,45,75.6,15,25,60.0,0,0.0,0.0,0.0,0,8,1,0,2
91,Gonçalo Borges,pt POR,FW,Porto,22,2001,0.4,4,5,80.0,51,3,1,2,50.0,2,2,100.0,0,0,0.0,0,0.0,0.0,0.0,0,0,0,0,0
92,Cristian Borja,co COL,DF,Braga,30,1993,5.7,277,320,86.6,4162,1266,145,157,92.4,108,119,90.8,13,24,54.2,0,0.6,0.6,-0.6,7,19,8,4,26
93,Olivier Boscagli,fr FRA,DF,PSV Eindhoven,25,1997,6.8,357,442,80.8,7917,3456,97,110,88.2,178,199,89.4,75,118,63.6,0,0.1,0.3,-0.1,1,50,3,0,36
94,Sven Botman,nl NED,DF,Newcastle Utd,23,2000,1.0,41,47,87.2,889,294,9,9,100.0,24,29,82.8,8,8,100.0,0,0.0,0.0,0.0,0,1,0,0,3
95,Julian Brandt,de GER,"MF,FW",Dortmund,27,1996,8.7,333,445,74.8,5670,1476,172,205,83.9,109,135,80.7,40,75,53.3,2,2.1,2.2,-0.1,28,30,5,0,26
96,Bruma,pt POR,FW,Braga,28,1994,4.1,152,183,83.1,1923,486,105,120,87.5,37,44,84.1,4,6,66.7,1,0.4,0.6,0.6,7,13,10,0,26
97,Osman Bukari,gh GHA,FW,Red Star,24,1998,5.4,79,125,63.2,1203,454,41,55,74.5,24,41,58.5,7,14,50.0,2,2.5,1.4,-0.5,11,9,8,2,22
98,Dan Burn,eng ENG,DF,Newcastle Utd,31,1992,3.1,86,115,74.8,1272,691,51,61,83.6,31,46,67.4,3,4,75.0,0,0.0,0.0,0.0,0,11,1,0,11
99,Jean Butez,fr FRA,GK,Antwerp,28,1995,5.0,167,217,77.0,4600,3438,35,35,100.0,71,73,97.3,61,108,56.5,0,0.0,0.0,0.0,0,3,0,0,0
100,Arthur Cabral,br BRA,"FW,DF",Benfica,25,1998,1.3,21,28,75.0,302,32,12,14,85.7,5,8,62.5,2,2,100.0,0,0.1,0.2,-0.1,2,0,2,1,2
101,Jens Cajuste,se SWE,MF,Napoli,23,1999,1.8,60,75,80.0,939,226,32,40,80.0,20,21,95.2,5,8,62.5,0,0.0,0.0,0.0,0,5,0,0,6
102,Davide Calabria,it ITA,DF,Milan,26,1996,4.8,182,232,78.4,3231,1159,85,98,86.7,72,89,80.9,23,34,67.6,1,1.0,0.7,0.0,8,12,5,3,16
104,Hakan Çalhanoğlu,tr TUR,MF,Inter,29,1994,5.7,376,437,86.0,6856,2016,168,182,92.3,165,182,90.7,40,62,64.5,0,1.5,1.3,-1.5,13,33,9,3,31
105,Eduardo Camavinga,fr FRA,MF,Real Madrid,20,2002,8.8,460,508,90.6,7477,1869,225,235,95.7,195,209,93.3,29,36,80.6,1,0.7,0.7,0.3,9,40,6,1,42
106,Emre Can,de GER,"MF,DF",Dortmund,29,1994,10.1,429,498,86.1,7617,2452,187,210,89.0,204,221,92.3,34,52,65.4,0,0.2,0.3,-0.2,4,27,4,1,44
107,João Cancelo,pt POR,DF,Barcelona,29,1994,9.0,515,597,86.3,8793,2695,251,269,93.3,212,238,89.1,45,63,71.4,1,0.9,1.6,0.1,13,63,10,3,54
108,Nicolás Capaldo,ar ARG,"MF,DF",RB Salzburg,25,1997,2.4,47,68,69.1,666,158,30,38,78.9,15,22,68.2,2,7,28.6,0,0.2,0.0,-0.2,3,5,0,0,6
109,Fábio Cardoso,pt POR,DF,Porto,29,1994,3.0,126,138,91.3,2380,798,47,50,94.0,63,68,92.6,16,19,84.2,0,0.0,0.0,0.0,0,5,0,0,9
110,David Carmo,ao ANG,DF,Porto,24,1999,4.0,229,261,87.7,4815,1386,60,62,96.8,139,153,90.8,30,41,73.2,0,0.0,0.0,0.0,0,20,2,0,19
111,Cameron Carter-Vickers,us USA,DF,Celtic,25,1997,3.3,271,297,91.2,4909,1470,98,102,96.1,159,169,94.1,11,19,57.9,0,0.0,0.0,0.0,0,9,0,0,8
112,Dani Carvajal,es ESP,DF,Real Madrid,31,1992,9.4,414,500,82.8,6939,1789,200,227,88.1,177,203,87.2,31,45,68.9,1,1.1,0.5,-0.1,12,18,7,1,25
113,Fabio Carvalho,pt POR,MF,RB Leipzig,20,2002,1.4,34,41,82.9,439,145,23,25,92.0,10,11,90.9,0,1,0.0,0,0.0,0.1,0.0,0,0,1,0,5
114,Vitor Carvalho,br BRA,MF,Braga,26,1997,2.9,175,189,92.6,2839,702,93,96,96.9,70,76,92.1,11,13,84.6,0,0.1,0.1,-0.1,3,16,1,0,8
115,Marc Casado,es ESP,MF,Barcelona,19,2003,0.3,17,23,73.9,320,70,8,9,88.9,7,9,77.8,2,4,50.0,0,0.0,0.0,0.0,0,3,0,0,3
116,Nicolò Casale,it ITA,DF,Lazio,25,1998,2.0,146,154,94.8,2635,991,58,62,93.5,74,77,96.1,12,13,92.3,0,0.0,0.0,0.0,0,10,0,0,4
117,Casemiro,br BRA,MF,Manchester Utd,31,1992,1.8,75,95,78.9,1386,608,31,35,88.6,30,37,81.1,10,19,52.6,0,0.1,0.6,-0.1,1,8,4,0,11
118,Valentín Castellanos,ar ARG,FW,Lazio,24,1998,2.4,29,48,60.4,405,101,17,27,63.0,10,16,62.5,1,1,100.0,0,0.1,0.1,-0.1,2,0,2,0,5
119,André Castro,pt POR,MF,Braga,35,1988,0.1,7,8,87.5,101,8,2,2,100.0,4,4,100.0,0,1,0.0,0,0.0,0.0,0.0,0,0,0,0,0
120,Danilo Cataldi,it ITA,MF,Lazio,28,1994,1.8,78,93,83.9,1211,380,38,40,95.0,33,40,82.5,4,6,66.7,0,0.0,0.1,0.0,1,5,0,0,4
121,Dani Ceballos,es ESP,MF,Real Madrid,26,1996,1.7,127,143,88.8,1721,396,77,83,92.8,37,40,92.5,4,6,66.7,0,0.2,0.4,-0.2,4,14,3,1,10
122,Miguel Chaiwa,zm ZAM,MF,Young Boys,19,2004,0.7,11,19,57.9,194,85,6,9,66.7,4,6,66.7,1,2,50.0,0,0.0,0.0,0.0,0,1,0,0,3
123,Chiquinho,pt POR,MF,Benfica,28,1995,0.6,38,45,84.4,617,193,16,17,94.1,19,20,95.0,2,6,33.3,0,0.0,0.0,0.0,0,2,2,0,6
124,Andreas Christensen,dk DEN,"DF,MF",Barcelona,27,1996,4.9,324,343,94.5,5476,1717,133,139,95.7,175,180,97.2,12,18,66.7,0,0.1,0.2,-0.1,2,30,1,0,22
125,Samuel Chukwueze,ng NGA,FW,Milan,24,1999,1.8,41,53,77.4,664,148,21,27,77.8,15,16,93.8,4,6,66.7,0,0.7,0.3,-0.7,4,3,1,0,6
126,Viktor Claesson,se SWE,"FW,MF",FC Copenhagen,31,1992,5.3,130,181,71.8,1487,316,80,97,82.5,29,42,69.0,1,5,20.0,0,0.4,0.4,-0.4,7,6,3,0,12
127,William Clem,dk DEN,MF,FC Copenhagen,19,2004,0.8,15,17,88.2,255,59,6,6,100.0,8,9,88.9,1,2,50.0,0,0.0,0.0,0.0,0,0,0,0,0
128,Ebrima Colley,gm GAM,"MF,FW",Young Boys,23,2000,1.4,19,37,51.4,216,59,14,20,70.0,3,5,60.0,1,5,20.0,0,0.0,0.1,0.0,0,2,2,0,3
130,Kingsley Coman,fr FRA,FW,Bayern Munich,27,1996,5.0,186,236,78.8,2926,616,107,122,87.7,59,74,79.7,13,26,50.0,0,0.6,0.9,-0.6,7,5,11,3,21
131,Francisco Conceição,pt POR,"FW,MF",Porto,20,2002,2.7,62,82,75.6,876,290,36,38,94.7,17,25,68.0,4,6,66.7,1,0.5,0.7,0.5,4,4,6,3,9
132,Kobe Corbanie,be BEL,"DF,FW",Antwerp,18,2005,0.4,12,14,85.7,169,19,6,7,85.7,4,4,100.0,0,0,0.0,0,0.0,0.0,0.0,0,0,0,0,0
133,Andreas Cornelius,dk DEN,"FW,MF",FC Copenhagen,30,1993,0.9,14,23,60.9,182,55,9,10,90.0,5,9,55.6,0,1,0.0,0,0.1,0.0,-0.1,2,0,1,0,2
134,Ángel Correa,ar ARG,"FW,MF",Atlético Madrid,28,1995,3.6,97,120,80.8,1285,271,61,68,89.7,23,31,74.2,5,9,55.6,0,0.8,0.5,-0.8,8,5,7,1,21
135,David Costa,pt POR,"MF,FW",Lens,22,2001,1.3,50,60,83.3,739,145,29,33,87.9,12,12,100.0,4,7,57.1,0,0.0,0.0,0.0,0,3,1,0,7
136,Diogo Costa,pt POR,GK,Porto,23,1999,8.3,284,374,75.9,7820,4587,34,35,97.1,154,159,96.9,96,180,53.3,0,0.0,0.0,0.0,0,4,0,0,0
137,Soumaïla Coulibaly,fr FRA,DF,Antwerp,19,2003,6.0,307,337,91.1,6128,1579,90,94,95.7,177,183,96.7,37,55,67.3,0,0.0,0.0,0.0,0,16,0,0,11
138,Thibaut Courtois,be BEL,GK,Real Madrid,31,1992,1.0,19,23,82.6,329,177,5,5,100.0,13,13,100.0,1,5,20.0,0,0.0,0.0,0.0,0,0,0,0,0
139,Juan Cuadrado,co COL,"DF,FW",Inter,35,1988,1.3,44,52,84.6,787,258,21,23,91.3,18,20,90.0,5,8,62.5,0,0.1,0.0,-0.1,2,3,0,0,4
140,Pau Cubarsí,es ESP,DF,Barcelona,16,2007,3.0,125,145,86.2,2539,1023,46,48,95.8,60,64,93.8,18,31,58.1,0,0.2,0.0,-0.2,1,8,0,0,5
141,Diogo Dalot,pt POR,DF,Manchester Utd,24,1999,5.1,214,280,76.4,3434,1123,112,130,86.2,86,106,81.1,11,23,47.8,0,0.2,0.3,-0.2,3,9,3,2,8
142,Kevin Danso,at AUT,DF,Lens,24,1998,6.0,190,220,86.4,3282,1441,78,83,94.0,100,115,87.0,10,19,52.6,0,0.0,0.1,0.0,1,13,1,0,15
143,Matteo Darmian,it ITA,"DF,FW",Inter,33,1989,4.5,211,261,80.8,3722,1086,93,104,89.4,93,108,86.1,23,35,65.7,0,0.1,0.1,-0.1,3,8,3,3,12
144,David Datro Fofana,ci CIV,FW,Union Berlin,20,2002,2.2,24,35,68.6,344,103,15,19,78.9,8,10,80.0,0,0,0.0,0,0.3,0.1,-0.3,5,4,0,0,6
145,Alphonso Davies,ca CAN,DF,Bayern Munich,22,2000,7.8,406,471,86.2,6414,1631,204,226,90.3,181,199,91.0,15,26,57.7,0,0.2,0.4,-0.2,7,23,2,0,26
146,Kevin De Bruyne,be BEL,MF,Manchester City,32,1991,2.2,114,163,69.9,1831,525,69,77,89.6,36,54,66.7,9,24,37.5,2,0.6,0.4,1.4,4,11,4,0,15
147,Ritchie De Laet,be BEL,DF,Antwerp,34,1988,2.5,78,110,70.9,1414,630,36,43,83.7,35,48,72.9,7,13,53.8,0,0.3,0.4,-0.3,2,5,3,0,12
148,Rodrigo De Paul,ar ARG,MF,Atlético Madrid,29,1994,6.8,330,407,81.1,5164,1381,189,211,89.6,106,132,80.3,29,46,63.0,0,0.7,0.6,-0.7,11,38,12,0,38
149,Amar Dedić,ba BIH,DF,RB Salzburg,20,2002,6.0,198,251,78.9,3168,941,102,115,88.7,75,97,77.3,15,26,57.7,0,0.1,0.3,-0.1,1,9,3,0,18
150,Miloš Degenek,au AUS,FW,Red Star,29,1994,0.1,0,0,0.0,0,0,0,0,0.0,0,0,0.0,0,0,0.0,0,0.0,0.0,0.0,0,0,0,0,0
151,Ousmane Dembélé,fr FRA,"FW,MF",Paris S-G,26,1997,10.6,403,586,68.8,6641,1668,204,255,80.0,165,223,74.0,28,65,43.1,1,1.8,2.2,-0.8,23,29,29,3,61
152,Kerem Demirbay,de GER,MF,Galatasaray,30,1993,0.7,31,39,79.5,579,103,15,17,88.2,13,14,92.9,3,7,42.9,0,0.0,0.0,0.0,0,2,0,0,2
153,Thomas van den Belt,nl NED,MF,Feyenoord,22,2001,0.4,13,15,86.7,194,50,6,7,85.7,7,7,100.0,0,0,0.0,0,0.0,0.0,0.0,0,0,0,0,2
154,Sergiño Dest,us USA,DF,PSV Eindhoven,22,2000,7.2,299,363,82.4,4529,1460,169,192,88.0,111,137,81.0,15,23,65.2,1,0.6,0.4,0.4,9,29,5,3,42
156,Giovanni Di Lorenzo,it ITA,DF,Napoli,29,1993,8.0,460,560,82.1,6869,2634,278,316,88.0,142,167,85.0,31,52,59.6,1,1.7,1.9,-0.7,6,35,9,0,42
157,Ángel Di María,ar ARG,FW,Benfica,35,1988,4.6,151,198,76.3,2633,935,69,78,88.5,52,70,74.3,19,33,57.6,1,1.8,1.8,-0.8,9,17,10,1,27
158,Rúben Dias,pt POR,DF,Manchester City,26,1997,8.5,893,932,95.8,15220,5170,390,404,96.5,443,452,98.0,48,58,82.8,0,0.0,0.7,0.0,0,82,1,0,54
159,Brahim Díaz,ma MAR,"MF,FW",Real Madrid,23,1999,3.6,116,148,78.4,1503,374,79,90,87.8,27,38,71.1,5,10,50.0,1,1.7,1.0,-0.7,9,5,10,2,18
160,Eric Dier,eng ENG,DF,Bayern Munich,29,1994,5.0,358,398,89.9,6540,2416,140,147,95.2,183,189,96.8,33,56,58.9,0,0.0,0.0,0.0,0,10,0,0,11
161,Kevin Diks,id IDN,DF,FC Copenhagen,26,1996,7.9,345,382,90.3,6470,2141,131,142,92.3,170,182,93.4,39,49,79.6,0,0.3,0.4,-0.3,7,34,1,0,19
162,Javairô Dilrosun,nl NED,DF,Feyenoord,25,1998,0.1,7,10,70.0,107,38,2,3,66.7,4,6,66.7,0,0,0.0,0,0.0,0.1,0.0,1,0,0,0,0
163,Federico Dimarco,it ITA,DF,Inter,25,1997,4.0,163,220,74.1,3071,991,77,90,85.6,67,88,76.1,19,29,65.5,0,0.9,0.5,-0.9,4,10,8,5,12
164,Andy Diouf,fr FRA,MF,Lens,20,2003,0.4,17,23,73.9,234,134,11,14,78.6,5,5,100.0,1,2,50.0,0,0.4,0.3,-0.4,2,2,2,1,1
165,Novatus Dismas,tz TAN,DF,Shakhtar,20,2002,1.0,46,53,86.8,922,297,18,20,90.0,20,22,90.9,8,10,80.0,0,0.0,0.0,0.0,1,0,0,0,1
166,Álvaro djaló,es ESP,FW,Braga,23,1999,4.5,72,97,74.2,1035,242,44,50,88.0,20,26,76.9,4,6,66.7,0,0.7,0.6,-0.7,7,11,4,0,15
167,Nasser Djiga,bf BFA,DF,Red Star,20,2002,6.0,178,216,82.4,3552,1113,44,52,84.6,111,124,89.5,21,31,67.7,0,0.1,0.0,-0.1,1,5,0,0,7
168,Marko Dmitrović,rs SRB,GK,Sevilla,31,1992,4.0,91,148,61.5,2601,2175,23,23,100.0,37,38,97.4,29,84,34.5,0,0.0,0.0,0.0,0,3,0,0,0
169,Danilho Doekhi,nl NED,DF,Union Berlin,25,1998,2.9,70,91,76.9,1326,518,30,34,88.2,31,36,86.1,8,16,50.0,0,0.0,0.1,0.0,0,6,2,1,1
170,Jeremy Doku,be BEL,"FW,MF",Manchester City,21,2002,3.4,159,184,86.4,2363,367,98,108,90.7,54,59,91.5,5,5,100.0,1,1.2,2.4,-0.2,9,1,13,3,14
171,Gianluigi Donnarumma,it ITA,GK,Paris S-G,24,1999,12.0,305,354,86.2,7043,3837,75,76,98.7,160,161,99.4,69,116,59.5,0,0.0,0.0,0.0,0,0,0,0,1
172,Nene Dorgeles,ml MLI,"FW,MF",RB Salzburg,20,2002,1.5,30,38,78.9,435,93,16,19,84.2,11,12,91.7,2,3,66.7,0,0.0,0.0,0.0,1,2,1,0,5
173,Aleksandar Dragović,at AUT,DF,Red Star,32,1991,6.0,233,261,89.3,4727,1833,84,90,93.3,117,125,93.6,30,39,76.9,0,0.1,0.1,-0.1,2,17,1,0,16
174,Martin Dúbravka,sk SVK,GK,Newcastle Utd,34,1989,1.0,27,35,77.1,654,422,5,5,100.0,17,17,100.0,5,12,41.7,0,0.0,0.0,0.0,0,1,0,0,1
175,Denzel Dumfries,nl NED,DF,Inter,27,1996,3.6,87,125,69.6,1330,250,39,53,73.6,43,52,82.7,2,10,20.0,1,0.9,0.6,0.1,4,2,4,2,4
176,Ederson,br BRA,GK,Manchester City,29,1993,7.3,236,249,94.8,5519,3485,56,58,96.6,120,121,99.2,60,70,85.7,0,0.0,0.0,0.0,0,3,0,0,0
177,Jorge Eduardo Sánchez,mx MEX,DF,Porto,25,1997,2.1,85,107,79.4,1299,569,48,53,90.6,29,34,85.3,5,7,71.4,0,0.5,0.2,-0.5,3,4,4,2,10
178,Eguinaldo,br BRA,"MF,FW",Shakhtar,18,2004,0.2,1,5,20.0,14,0,1,2,50.0,0,1,0.0,0,1,0.0,0,0.0,0.0,0.0,0,0,0,0,0
179,Chidera Ejuke,ng NGA,FW,Antwerp,25,1998,1.7,77,87,88.5,1310,401,39,41,95.1,29,32,90.6,7,9,77.8,0,0.2,0.2,-0.2,4,9,3,0,16
180,Jurgen Ekkelenkamp,nl NED,MF,Antwerp,23,2000,3.0,51,62,82.3,830,247,30,34,88.2,12,14,85.7,7,10,70.0,0,0.2,0.1,-0.2,2,3,1,0,5
182,Meschak Elia,cd COD,"FW,MF",Young Boys,25,1997,5.5,74,100,74.0,990,154,47,57,82.5,23,27,85.2,1,5,20.0,0,0.6,0.6,-0.6,10,2,4,3,3
183,Elif Elmas,mk MKD,MF,RB Leipzig,23,1999,0.2,6,7,85.7,113,47,3,4,75.0,1,1,100.0,2,2,100.0,0,0.0,0.0,0.0,0,1,1,0,1
184,Elif Elmas,mk MKD,"FW,MF",Napoli,23,1999,1.6,61,77,79.2,772,195,41,46,89.1,16,22,72.7,1,3,33.3,0,0.0,0.1,0.0,0,2,1,0,4
185,Mohamed Elneny,eg EGY,MF,Arsenal,31,1992,0.7,21,25,84.0,344,65,10,12,83.3,11,12,91.7,0,0,0.0,0,0.0,0.0,0.0,0,3,0,0,0
186,Aritz Elustondo,es ESP,DF,Real Sociedad,29,1994,1.9,97,114,85.1,1713,720,45,48,93.8,37,42,88.1,11,16,68.8,0,0.0,0.0,0.0,0,6,2,0,7
187,Mohamed Elyounoussi,no NOR,"FW,MF",FC Copenhagen,28,1994,7.6,132,186,71.0,1754,643,83,102,81.4,32,45,71.1,6,15,40.0,0,1.4,0.9,-1.4,9,7,10,3,18
188,Youssef En-Nesyri,ma MAR,FW,Sevilla,26,1997,5.7,43,66,65.2,518,89,27,40,67.5,9,14,64.3,1,1,100.0,0,0.0,0.0,0.0,0,2,1,0,4
189,Luis Enrique Palma,hn HON,FW,Celtic,23,2000,3.0,79,116,68.1,1215,304,48,57,84.2,19,26,73.1,7,21,33.3,0,0.0,0.1,0.0,1,3,6,0,14
190,Christian Eriksen,dk DEN,MF,Manchester Utd,31,1992,2.3,108,139,77.7,1994,727,54,65,83.1,34,40,85.0,17,28,60.7,1,0.5,0.8,0.5,4,18,4,1,22
191,Stephen Eustáquio,ca CAN,MF,Porto,26,1996,5.9,234,276,84.8,3943,1020,106,121,87.6,93,102,91.2,21,31,67.7,0,0.3,1.1,-0.3,6,15,4,0,23
192,Evanilson,br BRA,FW,Porto,23,1999,5.4,89,116,76.7,1037,268,48,57,84.2,21,26,80.8,3,4,75.0,1,1.2,1.0,-0.2,6,5,4,1,10
193,Jonny Evans,nir NIR,DF,Manchester Utd,35,1988,0.7,39,47,83.0,642,148,21,24,87.5,16,17,94.1,2,5,40.0,0,0.0,0.0,0.0,0,3,0,0,3
194,Rasmus Falk,dk DEN,MF,FC Copenhagen,31,1992,7.0,307,356,86.2,4717,1173,163,178,91.6,108,123,87.8,22,24,91.7,1,0.6,0.5,0.4,4,32,3,1,30
195,João Félix,pt POR,FW,Barcelona,23,1999,4.1,120,166,72.3,1667,293,74,89,83.1,41,54,75.9,2,9,22.2,1,0.5,1.1,0.5,3,7,4,0,13
196,Bruno Fernandes,pt POR,"MF,FW",Manchester Utd,28,1994,6.0,209,303,69.0,3808,1344,104,122,85.2,77,104,74.0,25,61,41.0,2,2.2,1.3,-0.2,14,25,8,0,34
197,Roger Fernandes,gw GNB,FW,Braga,17,2005,0.1,1,3,33.3,10,0,1,2,50.0,0,0,0.0,0,0,0.0,0,0.0,0.0,0.0,0,0,0,0,0
198,Carlos Fernández,es ESP,FW,Real Sociedad,27,1996,0.8,15,26,57.7,201,30,10,15,66.7,5,10,50.0,0,0,0.0,0,0.0,0.0,0.0,0,0,0,0,0
199,Fernando,br BRA,FW,RB Salzburg,24,1999,0.4,5,7,71.4,57,18,4,4,100.0,1,1,100.0,0,1,0.0,0,0.1,0.0,-0.1,1,0,0,0,1
200,Fernando,br BRA,MF,Sevilla,36,1987,3.6,111,124,89.5,1997,378,50,53,94.3,46,49,93.9,13,17,76.5,0,0.1,0.0,-0.1,3,10,0,0,8
201,Alessandro Florenzi,it ITA,DF,Milan,32,1991,1.8,89,108,82.4,1560,752,48,50,96.0,29,39,74.4,11,17,64.7,0,0.2,0.3,-0.2,5,7,5,2,10
202,Phil Foden,eng ENG,"FW,MF",Manchester City,23,2000,7.6,398,455,87.5,5379,1080,261,276,94.6,114,129,88.4,13,26,50.0,4,2.1,3.2,1.9,15,24,23,3,53
203,Diogo Fonseca,pt POR,DF,Braga,21,2002,0.2,12,25,48.0,180,31,7,10,70.0,4,10,40.0,1,3,33.3,0,0.0,0.0,0.0,0,0,0,0,0
204,José Fonte,pt POR,DF,Braga,39,1983,4.0,187,214,87.4,3470,1462,67,73,91.8,100,108,92.6,15,26,57.7,0,0.0,0.1,0.0,1,17,0,0,9
205,James Forrest,sct SCO,FW,Celtic,32,1991,1.0,26,35,74.3,373,97,15,19,78.9,9,10,90.0,1,3,33.3,0,0.1,0.1,-0.1,1,1,2,1,5
206,Emil Forsberg,se SWE,"MF,FW",RB Leipzig,31,1991,4.5,74,101,73.3,983,300,49,58,84.5,19,28,67.9,2,5,40.0,0,0.4,0.2,-0.4,7,10,2,0,14
208,Amankwah Forson,gh GHA,"MF,FW",RB Salzburg,20,2002,0.8,21,29,72.4,367,137,12,14,85.7,8,11,72.7,1,2,50.0,0,0.1,0.1,-0.1,1,2,1,0,8
209,Héctor Fort,es ESP,DF,Barcelona,16,2006,0.7,35,36,97.2,474,136,19,19,100.0,14,15,93.3,0,0,0.0,0,0.0,0.0,0.0,0,1,0,0,4
210,Mitchel Frame,sct SCO,FW,Celtic,17,2006,0.2,2,5,40.0,15,9,2,3,66.7,0,1,0.0,0,0,0.0,0,0.0,0.0,0.0,0,0,0,0,0
211,André Franco,pt POR,"MF,FW",Porto,25,1998,2.6,101,119,84.9,1545,440,56,58,96.6,34,39,87.2,7,14,50.0,0,0.5,0.7,-0.5,5,6,5,2,13
212,Przemysław Frankowski,pl POL,DF,Lens,28,1995,5.9,226,310,72.9,3544,1490,131,157,83.4,69,100,69.0,18,32,56.3,2,1.1,0.7,0.9,9,16,11,7,24
213,Davide Frattesi,it ITA,MF,Inter,23,1999,5.0,101,131,77.1,1574,465,56,74,75.7,38,41,92.7,4,7,57.1,2,1.6,0.5,0.4,8,9,5,2,19
214,Victor Froholdt,dk DEN,MF,FC Copenhagen,17,2006,0.6,6,9,66.7,84,0,4,6,66.7,2,3,66.7,0,0,0.0,0,0.0,0.0,0.0,0,0,0,0,0
215,Angelo Fulgini,fr FRA,MF,Lens,26,1996,3.2,95,131,72.5,1672,450,52,58,89.7,28,42,66.7,14,24,58.3,0,0.7,0.6,-0.7,7,5,4,1,9
216,Niclas Füllkrug,de GER,FW,Dortmund,30,1993,11.5,185,276,67.0,2535,692,113,158,71.5,44,69,63.8,13,18,72.2,2,1.9,1.1,0.1,20,22,7,0,29
217,Kyogo Furuhashi,jp JPN,FW,Celtic,28,1995,5.0,29,42,69.0,383,121,21,26,80.8,4,7,57.1,2,4,50.0,0,0.1,0.1,-0.1,1,3,0,0,6
218,Gianluca Gaetano,it ITA,MF,Napoli,23,2000,0.2,12,16,75.0,164,32,9,11,81.8,3,3,100.0,0,0,0.0,0,0.0,0.0,0.0,1,0,0,0,1
219,Javi Galán,es ESP,DF,Atlético Madrid,28,1994,0.8,26,33,78.8,412,88,14,19,73.7,11,11,100.0,1,3,33.3,0,0.2,0.3,-0.2,1,0,1,1,0
220,Javi Galán,es ESP,DF,Real Sociedad,28,1994,2.0,59,77,76.6,994,284,22,27,81.5,32,34,94.1,2,7,28.6,0,0.1,0.0,-0.1,2,2,1,1,5
221,Galeno,br BRA,"MF,FW",Porto,25,1997,7.2,120,177,67.8,1732,536,61,79,77.2,51,69,73.9,1,6,16.7,4,1.0,0.7,3.0,8,3,10,2,15
222,Silvère Ganvoula M'Boussy,cg CGO,FW,Young Boys,27,1996,1.3,23,38,60.5,298,71,14,21,66.7,8,10,80.0,0,1,0.0,0,0.1,0.0,-0.1,2,4,1,0,3
223,Fran Garcia,es ESP,DF,Real Madrid,23,1999,2.1,165,184,89.7,2318,714,102,106,96.2,53,60,88.3,5,5,100.0,1,0.3,0.5,0.7,3,13,3,2,10
224,Ulisses Garcia,ch SUI,DF,Young Boys,27,1996,5.6,260,347,74.9,4540,1964,129,148,87.2,81,105,77.1,37,64,57.8,0,1.0,1.2,-1.0,8,26,6,5,28
225,Alejandro Garnacho,ar ARG,"FW,MF",Manchester Utd,19,2004,3.3,61,78,78.2,964,42,30,38,78.9,22,26,84.6,5,5,100.0,0,0.2,0.2,-0.2,3,0,1,0,2
226,Gavi,es ESP,MF,Barcelona,18,2004,2.5,119,129,92.2,1837,407,63,67,94.0,52,54,96.3,3,5,60.0,0,0.1,0.1,-0.1,2,17,1,0,13
227,Lutsharel Geertruida,nl NED,DF,Feyenoord,23,2000,6.0,430,469,91.7,7332,1911,175,190,92.1,227,239,95.0,21,28,75.0,0,0.0,0.3,0.0,1,47,3,0,48
228,Mario Gila,es ESP,DF,Lazio,22,2000,3.9,201,220,91.4,3752,1289,75,79,94.9,104,111,93.7,21,29,72.4,0,0.0,0.0,0.0,0,4,0,0,8
229,Santiago Giménez,mx MEX,FW,Feyenoord,22,2001,3.9,34,49,69.4,435,71,20,28,71.4,11,13,84.6,0,0,0.0,1,0.4,0.3,0.6,2,2,1,0,5
230,Olivier Giroud,fr FRA,FW,Milan,36,1986,5.7,66,104,63.5,743,105,44,60,73.3,14,25,56.0,0,2,0.0,2,0.5,0.4,1.5,3,5,0,0,4
231,Jamie Gittens,eng ENG,FW,Dortmund,18,2004,2.3,36,56,64.3,476,117,25,37,67.6,9,12,75.0,1,3,33.3,0,0.1,0.1,-0.1,1,2,1,0,5
232,Omri Glazer,il ISR,GK,Red Star,27,1996,6.0,136,177,76.8,3937,3011,30,30,100.0,60,62,96.8,46,85,54.1,0,0.0,0.0,0.0,0,0,0,0,0
234,Oscar Gloukh,il ISR,"MF,FW",RB Salzburg,19,2004,5.3,148,190,77.9,2243,674,91,106,85.8,42,54,77.8,11,18,61.1,1,0.7,1.1,0.3,9,17,7,1,25
235,Serge Gnabry,de GER,FW,Bayern Munich,28,1995,2.2,48,63,76.2,674,42,32,36,88.9,14,21,66.7,2,5,40.0,0,0.2,0.4,-0.2,1,1,2,0,2
236,Giorgi Gocholeishvili,ge GEO,DF,Shakhtar,22,2001,3.2,103,142,72.5,1965,602,44,53,83.0,43,53,81.1,15,27,55.6,1,0.1,0.2,0.9,1,4,1,1,6
237,Sergio Gómez,es ESP,"DF,FW",Manchester City,22,2000,2.2,170,192,88.5,2586,442,92,99,92.9,68,71,95.8,6,10,60.0,0,0.9,0.6,-0.9,7,16,6,3,8
238,Victor Gomez,es ESP,DF,Braga,23,2000,3.5,188,224,83.9,3325,1090,89,101,88.1,71,82,86.6,25,33,75.8,0,0.5,0.7,-0.5,7,9,8,5,17
239,Diogo Gonçalves,pt POR,MF,FC Copenhagen,26,1997,5.9,159,206,77.2,2381,676,91,105,86.7,42,53,79.2,15,30,50.0,1,0.5,0.7,0.5,6,11,7,0,18
240,Nicolás González,es ESP,MF,Porto,21,2002,2.5,67,87,77.0,918,331,39,48,81.3,20,26,76.9,3,5,60.0,0,0.3,0.1,-0.3,4,4,0,0,7
241,Anthony Gordon,eng ENG,FW,Newcastle Utd,22,2001,4.9,89,114,78.1,1405,396,40,50,80.0,40,46,87.0,4,10,40.0,0,0.4,0.4,-0.4,3,9,6,0,13
242,Leon Goretzka,de GER,"MF,DF",Bayern Munich,28,1995,8.5,496,534,92.9,8588,2112,208,218,95.4,248,256,96.9,31,43,72.1,1,1.8,1.2,-0.8,9,51,3,0,42
243,Robin Gosens,de GER,"DF,MF",Union Berlin,29,1994,4.9,133,186,71.5,1994,811,68,81,84.0,52,73,71.2,7,17,41.2,0,0.1,0.4,-0.1,1,10,6,2,16
244,Lucas Gourna-Douath,fr FRA,MF,RB Salzburg,19,2003,4.4,185,220,84.1,3649,867,59,70,84.3,91,99,91.9,27,37,73.0,0,0.6,0.4,-0.6,2,14,2,0,25
245,Tiago Gouveia,pt POR,FW,Benfica,22,2001,0.3,4,6,66.7,75,8,2,2,100.0,2,3,66.7,0,0,0.0,0,0.0,0.0,0.0,0,0,0,0,0
246,Kamil Grabara,pl POL,GK,FC Copenhagen,24,1999,8.0,195,288,67.7,5530,3803,41,41,100.0,88,93,94.6,65,153,42.5,0,0.0,0.0,0.0,0,4,0,0,0
247,Jonathan Gradit,fr FRA,DF,Lens,30,1992,5.7,206,261,78.9,3806,1740,79,97,81.4,102,123,82.9,20,34,58.8,0,0.0,0.1,0.0,2,18,0,0,24
248,Jack Grealish,eng ENG,"FW,MF",Manchester City,27,1995,5.9,251,295,85.1,3878,626,141,150,94.0,91,100,91.0,13,21,61.9,2,2.0,1.5,0.0,16,10,9,0,24
249,Antoine Griezmann,fr FRA,"FW,MF",Atlético Madrid,32,1991,9.1,413,512,80.7,6711,1932,228,247,92.3,130,160,81.3,41,73,56.2,1,3.1,1.9,-2.1,27,39,21,3,67
250,Marko Grujić,rs SRB,MF,Porto,27,1996,0.6,15,25,60.0,279,67,7,11,63.6,6,11,54.5,2,2,100.0,0,0.0,0.0,0.0,0,2,0,0,4
251,Nemanja Gudelj,rs SRB,DF,Sevilla,31,1991,6.0,278,316,88.0,4942,1460,97,109,89.0,161,173,93.1,14,27,51.9,0,0.1,0.1,-0.1,1,19,1,0,16
252,Gonçalo Guedes,pt POR,FW,Benfica,26,1996,0.3,9,10,90.0,132,27,5,5,100.0,3,3,100.0,0,0,0.0,0,0.0,0.0,0.0,1,0,0,0,3
253,Mattéo Guendouzi,fr FRA,MF,Lazio,24,1999,5.5,196,230,85.2,3233,801,82,93,88.2,93,97,95.9,14,26,53.8,1,0.5,0.9,0.5,4,14,6,1,30
254,Raphaël Guerreiro,pt POR,"DF,FW",Bayern Munich,29,1993,4.3,236,277,85.2,3413,866,138,158,87.3,85,94,90.4,7,12,58.3,2,0.6,0.4,1.4,4,15,6,1,34
255,Morgan Guilavogui,gn GUI,"FW,MF",Lens,25,1998,0.8,20,31,64.5,311,75,13,20,65.0,5,7,71.4,2,2,100.0,0,0.1,0.1,-0.1,1,1,1,0,4
256,Bruno Guimarães,br BRA,MF,Newcastle Utd,25,1997,6.0,240,293,81.9,4352,1121,107,121,88.4,92,107,86.0,34,54,63.0,1,0.4,1.1,0.6,5,18,9,2,27
257,Marc Guiu,es ESP,FW,Barcelona,17,2006,0.4,1,3,33.3,18,0,0,2,0.0,1,1,100.0,0,0,0.0,0,0.0,0.0,0.0,0,0,0,0,0
258,Péter Gulácsi,hu HUN,GK,RB Leipzig,33,1990,3.0,87,102,85.3,1803,863,22,22,100.0,51,52,98.1,14,28,50.0,0,0.0,0.0,0.0,0,0,0,0,0
260,İlkay Gündoğan,de GER,MF,Barcelona,32,1990,9.3,521,601,86.7,9341,2355,236,257,91.8,224,248,90.3,53,80,66.3,4,3.5,3.7,0.5,24,44,18,2,71
261,Joško Gvardiol,hr CRO,DF,Manchester City,21,2002,6.3,582,621,93.7,8881,2190,327,345,94.8,223,232,96.1,27,33,81.8,1,0.6,0.6,0.4,6,62,8,0,47
262,Erling Haaland,no NOR,FW,Manchester City,23,2000,8.6,70,89,78.7,897,162,44,53,83.0,24,28,85.7,0,0,0.0,1,1.1,1.2,-0.1,8,2,8,0,11
263,Janik Haberer,de GER,MF,Union Berlin,29,1994,4.0,81,110,73.6,1267,291,42,54,77.8,34,39,87.2,2,4,50.0,0,0.1,0.1,-0.1,3,6,2,0,12
264,Amadou Haidara,ml MLI,"MF,DF",RB Leipzig,25,1998,3.0,134,153,87.6,2259,748,69,76,90.8,46,53,86.8,15,19,78.9,0,0.3,0.3,-0.3,5,19,4,1,15
265,Massadio Haïdara,ml MLI,DF,Lens,30,1992,1.3,53,70,75.7,827,240,26,29,89.7,22,29,75.9,2,6,33.3,0,0.1,0.1,-0.1,1,1,1,1,2
266,Achraf Hakimi,ma MAR,DF,Paris S-G,24,1998,10.9,821,974,84.3,12443,4214,466,518,90.0,293,335,87.5,42,73,57.5,1,3.1,2.4,-2.1,27,59,21,5,84
267,Lewis Hall,eng ENG,DF,Newcastle Utd,18,2004,0.5,16,24,66.7,246,130,7,8,87.5,8,12,66.7,0,2,0.0,0,0.0,0.0,0.0,0,0,0,0,3
268,Sébastien Haller,ci CIV,"FW,MF",Dortmund,29,1994,0.7,12,17,70.6,139,29,10,12,83.3,2,5,40.0,0,0,0.0,0,0.0,0.0,0.0,0,1,0,0,0
269,Micah Hamilton,eng ENG,FW,Manchester City,19,2003,1.2,30,33,90.9,349,27,23,24,95.8,4,5,80.0,1,1,100.0,0,0.0,0.1,0.0,1,0,1,0,2
270,Dávid Hancko,sk SVK,DF,Feyenoord,25,1997,6.0,516,565,91.3,9413,2588,185,191,96.9,299,310,96.5,29,53,54.7,0,0.0,0.1,0.0,1,42,1,0,27
271,Joe Hart,eng ENG,GK,Celtic,36,1987,6.0,224,244,91.8,4649,2612,61,61,100.0,139,139,100.0,24,44,54.5,0,0.0,0.0,0.0,0,0,0,0,0
272,Quilindschy Hartman,nl NED,DF,Feyenoord,21,2001,6.0,327,410,79.8,5622,1605,156,171,91.2,145,172,84.3,23,44,52.3,0,0.7,1.0,-0.7,8,26,11,1,32
273,Reo Hatate,jp JPN,MF,Celtic,25,1997,1.5,50,69,72.5,774,228,27,34,79.4,19,25,76.0,3,4,75.0,0,0.1,0.2,-0.1,3,3,4,0,8
274,Kai Havertz,de GER,"MF,FW",Arsenal,24,1999,9.2,205,245,83.7,2518,383,140,160,87.5,49,59,83.1,3,3,100.0,0,1.0,1.0,-1.0,8,10,5,1,21
275,Benjamin Henrichs,de GER,"DF,MF",RB Leipzig,26,1997,5.5,257,336,76.5,4164,1373,131,146,89.7,111,139,79.9,14,35,40.0,2,1.1,0.7,0.9,11,10,8,2,18
276,Mario Hermoso,es ESP,DF,Atlético Madrid,28,1995,9.1,622,732,85.0,10807,3606,299,323,92.6,252,283,89.0,55,99,55.6,0,0.2,0.4,-0.2,2,54,6,3,49
277,Lucas Hernández,fr FRA,DF,Paris S-G,27,1996,9.3,605,683,88.6,10243,3139,283,299,94.6,273,296,92.2,42,69,60.9,0,0.8,0.3,-0.8,5,49,1,1,39
278,Theo Hernández,fr FRA,DF,Milan,25,1997,6.0,239,301,79.4,3763,1308,121,132,91.7,97,116,83.6,15,31,48.4,1,0.9,0.6,0.1,9,12,6,3,25
279,André Horta,pt POR,MF,Braga,26,1996,0.4,36,43,83.7,685,192,17,19,89.5,14,16,87.5,5,6,83.3,0,0.1,0.2,-0.1,2,3,3,3,3
280,Ricardo Horta,pt POR,"FW,MF",Braga,28,1994,5.6,195,234,83.3,2938,712,116,127,91.3,57,62,91.9,13,26,50.0,3,1.2,1.8,1.8,12,20,8,2,28
281,Mats Hummels,de GER,DF,Dortmund,34,1988,13.0,617,714,86.4,12381,4616,195,215,90.7,344,366,94.0,74,111,66.7,1,0.2,0.7,0.8,3,44,3,0,55
282,Oh Hyeon-gyu,kr KOR,"FW,MF",Celtic,22,2001,1.2,12,18,66.7,186,51,6,9,66.7,5,5,100.0,1,1,100.0,0,0.0,0.0,0.0,0,2,0,0,1
283,Elseid Hysaj,al ALB,DF,Lazio,29,1994,3.8,175,209,83.7,2585,1063,107,116,92.2,59,68,86.8,7,18,38.9,0,0.0,0.0,0.0,0,9,0,0,19
284,Yang Hyunjun,kr KOR,FW,Celtic,21,2002,2.3,42,60,70.0,563,92,33,42,78.6,8,15,53.3,0,0,0.0,0,0.0,0.1,0.0,1,2,0,0,3
286,Oscar Højlund,dk DEN,MF,FC Copenhagen,18,2005,0.5,16,20,80.0,238,54,10,10,100.0,6,7,85.7,0,2,0.0,0,0.0,0.0,0.0,0,2,0,0,1
287,Rasmus Højlund,dk DEN,FW,Manchester Utd,20,2003,5.4,49,74,66.2,711,83,27,37,73.0,16,24,66.7,2,4,50.0,0,0.5,0.4,-0.5,3,3,1,0,2
288,Mauro Icardi,ar ARG,FW,Galatasaray,30,1993,5.8,60,95,63.2,693,87,36,49,73.5,13,23,56.5,2,3,66.7,0,0.8,0.4,-0.8,9,3,1,0,5
289,George Ilenikhena,fr FRA,FW,Antwerp,16,2006,1.7,12,16,75.0,202,64,3,6,50.0,7,8,87.5,1,1,100.0,0,0.3,0.1,-0.3,3,1,1,0,2
290,Ciro Immobile,it ITA,FW,Lazio,33,1990,5.6,91,118,77.1,1284,180,59,68,86.8,24,30,80.0,5,7,71.4,0,0.3,0.1,-0.3,7,8,1,0,7
291,Hwang In-beom,kr KOR,MF,Red Star,26,1996,5.9,203,273,74.4,3704,1331,108,124,87.1,63,82,76.8,30,55,54.5,1,1.2,0.8,-0.2,16,18,4,1,26
292,Alexander Isak,se SWE,FW,Newcastle Utd,23,1999,3.5,53,67,79.1,875,164,24,28,85.7,25,31,80.6,2,4,50.0,0,0.4,0.1,-0.4,3,1,1,0,9
293,Gustav Isaksen,dk DEN,FW,Lazio,22,2001,2.7,70,93,75.3,1010,225,38,45,84.4,24,31,77.4,3,6,50.0,1,0.8,0.5,0.2,5,2,5,1,7
294,Cedric Itten,ch SUI,FW,Young Boys,26,1996,3.1,30,48,62.5,492,102,15,23,65.2,11,13,84.6,3,4,75.0,0,0.0,0.0,0.0,1,2,0,0,5
295,Mirko Ivanić,me MNE,MF,Red Star,29,1993,4.1,71,103,68.9,1159,590,33,38,86.8,27,42,64.3,7,15,46.7,1,0.7,0.8,0.3,5,13,4,1,19
296,Luka Ivanušec,hr CRO,"FW,MF",Feyenoord,24,1998,2.3,69,87,79.3,1059,220,32,35,91.4,29,32,90.6,4,10,40.0,1,0.3,0.4,0.7,2,7,2,0,10
297,Tomoki Iwata,jp JPN,"MF,FW",Celtic,26,1997,0.7,18,23,78.3,320,90,6,6,100.0,8,12,66.7,2,2,100.0,0,0.0,0.0,0.0,0,2,0,0,1
298,Paul Jaeckel,de GER,DF,Union Berlin,25,1998,1.9,37,51,72.5,750,218,12,15,80.0,17,21,81.0,7,13,53.8,0,0.0,0.1,0.0,0,2,0,0,1
299,Alireza Jahanbakhsh,ir IRN,"FW,DF",Feyenoord,29,1993,0.8,50,65,76.9,828,151,25,29,86.2,22,28,78.6,3,4,75.0,0,0.4,0.5,-0.4,3,3,4,2,5
300,Ivan Jaime Pajuelo,es ESP,MF,Porto,22,2000,1.0,28,35,80.0,390,34,18,19,94.7,6,8,75.0,2,5,40.0,0,0.1,0.1,-0.1,2,1,0,0,3
301,Saidy Janko,gm GAM,DF,Young Boys,27,1995,3.6,113,153,73.9,1591,499,75,86,87.2,29,45,64.4,6,15,40.0,0,0.1,0.1,-0.1,3,5,1,1,3
302,Vincent Janssen,nl NED,FW,Antwerp,29,1994,4.5,93,105,88.6,1637,295,43,46,93.5,35,39,89.7,11,13,84.6,0,0.3,0.5,-0.3,3,4,3,2,7
303,Elias Jelert,dk DEN,DF,FC Copenhagen,20,2003,6.5,242,306,79.1,3794,1256,135,161,83.9,86,105,81.9,18,24,75.0,0,0.1,0.3,-0.1,3,14,4,1,19
304,Gabriel Jesus,br BRA,FW,Arsenal,26,1997,4.5,105,130,80.8,1389,281,62,73,84.9,36,41,87.8,1,2,50.0,3,2.2,0.8,0.8,8,4,2,0,11
305,Juan Jesus,br BRA,DF,Napoli,32,1991,4.8,235,277,84.8,4225,1467,81,86,94.2,126,144,87.5,19,30,63.3,0,0.0,0.0,0.0,0,12,0,0,9
306,Joelinton,br BRA,"MF,FW",Newcastle Utd,26,1996,3.7,126,152,82.9,1832,485,75,83,90.4,43,54,79.6,6,8,75.0,0,1.0,0.2,-1.0,7,8,2,1,15
307,Alistair Johnston,ca CAN,DF,Celtic,24,1998,6.0,327,404,80.9,5330,2219,165,176,93.8,138,167,82.6,21,48,43.8,0,0.1,0.2,-0.1,1,29,5,0,38
308,Michael Johnston,ie IRL,FW,Celtic,24,1999,1.1,27,33,81.8,355,50,20,22,90.9,5,7,71.4,2,3,66.7,0,0.2,0.1,-0.2,3,2,1,1,3
309,Frenkie de Jong,nl NED,MF,Barcelona,26,1997,4.4,243,268,90.7,4291,1190,90,96,93.8,128,137,93.4,19,23,82.6,0,0.1,0.2,-0.1,2,30,1,0,28
310,Luuk de Jong,nl NED,FW,PSV Eindhoven,32,1990,7.0,100,155,64.5,1322,260,56,78,71.8,36,50,72.0,2,6,33.3,0,0.5,0.3,-0.5,7,7,0,0,8
312,Joan Jordán,es ESP,MF,Sevilla,29,1994,0.9,23,31,74.2,320,50,17,21,81.0,4,6,66.7,2,3,66.7,0,0.0,0.0,0.0,0,3,0,0,1
313,Jorginho,it ITA,MF,Arsenal,31,1991,5.9,301,342,88.0,4667,1349,167,183,91.3,110,120,91.7,20,26,76.9,0,0.2,0.4,-0.2,5,28,6,0,29
314,Joselu,es ESP,FW,Real Madrid,33,1990,3.1,61,82,74.4,689,74,37,50,74.0,15,21,71.4,1,1,100.0,0,0.4,0.1,-0.4,4,3,1,0,2
315,Luka Jović,rs SRB,"FW,MF",Milan,25,1997,0.4,6,8,75.0,71,29,3,3,100.0,2,3,66.7,0,0,0.0,0,0.5,0.1,-0.5,2,0,2,0,3
316,Mauro Júnior,br BRA,"MF,DF",PSV Eindhoven,24,1999,2.0,79,98,80.6,1137,287,44,47,93.6,27,32,84.4,3,7,42.9,0,0.4,0.5,-0.4,2,5,2,0,6
317,Hamed Junior Traorè,ci CIV,MF,Napoli,23,2000,1.1,35,49,71.4,515,160,19,25,76.0,13,17,76.5,1,1,100.0,0,0.2,0.3,-0.2,3,6,2,0,10
318,Vinicius Júnior,br BRA,FW,Real Madrid,23,2000,10.0,225,302,74.5,3055,490,148,170,87.1,49,67,73.1,12,24,50.0,4,3.3,2.6,0.7,19,9,10,1,25
319,Josip Juranović,hr CRO,DF,Union Berlin,27,1995,4.6,129,186,69.4,2350,1023,64,71,90.1,43,60,71.7,17,44,38.6,0,0.5,0.3,-0.5,5,8,4,3,8
320,David Jurásek,cz CZE,"MF,DF",Benfica,22,2000,1.4,48,92,52.2,799,382,26,39,66.7,18,33,54.5,4,9,44.4,0,0.1,0.1,-0.1,2,4,3,3,3
321,Uroš Kabić,rs SRB,DF,Red Star,19,2004,0.1,2,3,66.7,19,0,2,3,66.7,0,0,0.0,0,0,0.0,0,0.0,0.0,0.0,0,0,0,0,0
322,Pierre Kalulu,fr FRA,DF,Milan,23,2000,1.0,32,39,82.1,553,234,16,18,88.9,13,14,92.9,3,7,42.9,0,0.0,0.0,0.0,0,3,0,0,3
323,Daichi Kamada,jp JPN,MF,Lazio,26,1996,2.9,105,125,84.0,1761,237,59,65,90.8,35,40,87.5,11,12,91.7,0,0.1,0.1,-0.1,1,5,0,0,13
324,Dijon Kameri,at AUT,MF,RB Salzburg,19,2004,0.1,3,3,100.0,68,13,1,1,100.0,2,2,100.0,0,0,0.0,0,0.0,0.0,0.0,0,0,0,0,0
325,Kevin Kampl,si SVN,MF,RB Leipzig,32,1990,3.1,183,198,92.4,3119,802,81,88,92.0,87,90,96.7,13,15,86.7,2,0.4,0.1,1.6,7,14,2,0,17
326,Harry Kane,eng ENG,FW,Bayern Munich,30,1993,11.8,153,225,68.0,3081,930,58,75,77.3,62,93,66.7,29,40,72.5,4,1.5,1.3,2.5,14,25,6,0,44
327,Lee Kang-in,kr KOR,"MF,FW",Paris S-G,22,2001,3.8,230,272,84.6,3648,984,119,126,94.4,91,107,85.0,15,32,46.9,1,0.6,0.6,0.4,7,28,7,0,45
328,Guélor Kanga,ga GAB,MF,Red Star,32,1990,1.6,75,98,76.5,1566,469,30,33,90.9,29,35,82.9,16,27,59.3,0,0.0,0.1,0.0,0,8,1,1,6
329,Kings Kangwa,zm ZAM,MF,Red Star,24,1999,0.1,8,9,88.9,117,30,4,5,80.0,4,4,100.0,0,0,0.0,0,0.0,0.0,0.0,0,2,0,0,2
330,Kazımcan Karataş,tr TUR,DF,Galatasaray,20,2003,0.8,24,32,75.0,369,119,14,14,100.0,7,12,58.3,2,4,50.0,0,0.0,0.0,0.0,1,4,0,0,2
331,Oleksii Kashchuk,ua UKR,FW,Shakhtar,23,2000,0.3,8,8,100.0,104,4,4,4,100.0,2,2,100.0,1,1,100.0,0,0.0,0.0,0.0,0,1,0,0,0
332,Aleksandar Katai,rs SRB,"MF,FW",Red Star,32,1991,0.9,16,24,66.7,222,80,11,13,84.6,5,9,55.6,0,0,0.0,0,0.6,0.5,-0.6,2,0,1,1,1
333,Mandela Keita,be BEL,MF,Antwerp,21,2002,2.9,92,106,86.8,1492,484,47,51,92.2,36,39,92.3,8,11,72.7,0,0.0,0.0,0.0,0,7,1,0,7
334,Kevin Kelsy,ve VEN,FW,Shakhtar,19,2004,1.5,12,18,66.7,157,6,5,9,55.6,5,7,71.4,0,0,0.0,0,0.0,0.0,0.0,0,0,1,0,1
335,Aljoscha Kemlein,de GER,MF,Union Berlin,18,2004,0.1,1,1,100.0,11,4,1,1,100.0,0,0,0.0,0,0,0.0,0,0.0,0.0,0.0,0,1,0,0,1
336,Gyrano Kerk,sr SUR,FW,Antwerp,27,1995,2.3,29,51,56.9,344,184,19,28,67.9,7,15,46.7,0,2,0.0,0,0.0,0.1,0.0,0,3,4,0,10
338,Rani Khedira,de GER,MF,Union Berlin,29,1994,3.2,96,118,81.4,1587,260,49,58,84.5,39,46,84.8,7,11,63.6,0,0.4,0.4,-0.4,1,4,1,0,5
339,Abdukodir Khusanov,uz UZB,DF,Lens,19,2004,0.3,12,18,66.7,216,43,7,9,77.8,4,6,66.7,1,2,50.0,0,0.0,0.0,0.0,0,0,0,0,0
340,Joshua Kimmich,de GER,"MF,DF",Bayern Munich,28,1995,12.0,818,951,86.0,15685,3945,321,339,94.7,392,429,91.4,99,155,63.9,2,2.1,3.0,-0.1,26,77,16,1,87
341,Jakub Kiwior,pl POL,DF,Arsenal,23,2000,4.2,165,201,82.1,2558,991,83,92,90.2,74,90,82.2,5,13,38.5,0,0.1,0.2,-0.1,3,16,1,1,23
342,Simon Kjær,dk DEN,DF,Milan,34,1989,0.0,1,1,100.0,20,10,0,0,0.0,1,1,100.0,0,0,0.0,0,0.0,0.0,0.0,0,0,0,0,0
343,Maurits Kjærgaard,dk DEN,"MF,FW",RB Salzburg,20,2003,2.3,67,88,76.1,928,314,41,46,89.1,19,24,79.2,3,10,30.0,1,0.2,0.1,0.8,3,7,4,0,13
344,Davy Klaassen,nl NED,"MF,FW",Inter,30,1993,0.9,29,35,82.9,371,52,12,13,92.3,9,10,90.0,2,3,66.7,0,0.0,0.0,0.0,0,0,0,0,3
345,Lukas Klostermann,de GER,DF,RB Leipzig,27,1996,4.0,190,201,94.5,3277,1184,75,77,97.4,98,101,97.0,13,16,81.3,0,0.0,0.0,0.0,1,5,0,0,5
346,Robin Knoche,de GER,DF,Union Berlin,31,1992,3.0,150,176,85.2,3199,1158,36,40,90.0,89,103,86.4,25,30,83.3,0,0.0,0.0,0.0,1,12,1,0,14
347,Gregor Kobel,ch SUI,GK,Dortmund,25,1997,12.0,377,465,81.1,10208,7148,66,66,100.0,209,209,100.0,100,184,54.3,0,0.0,0.0,0.0,0,7,0,0,0
348,Sekou Koita,ml MLI,FW,RB Salzburg,23,1999,0.8,8,11,72.7,115,65,3,4,75.0,5,6,83.3,0,0,0.0,0,0.3,0.1,-0.3,3,1,1,0,3
349,Orkun Kökçü,tr TUR,MF,Benfica,22,2000,2.9,116,152,76.3,2293,831,43,51,84.3,48,56,85.7,19,35,54.3,0,0.1,0.1,-0.1,2,16,0,0,12
350,Koke,es ESP,MF,Atlético Madrid,31,1992,8.6,599,672,89.1,9728,2749,310,328,94.5,213,237,89.9,54,77,70.1,1,1.2,1.1,-0.2,10,67,6,1,46
351,Randal Kolo Muani,fr FRA,"FW,MF",Paris S-G,24,1998,5.2,80,114,70.2,1007,339,47,59,79.7,24,36,66.7,1,1,100.0,0,1.5,1.5,-1.5,8,4,5,0,15
352,Karim Konaté,ci CIV,"FW,MF",RB Salzburg,19,2004,2.6,39,54,72.2,515,137,20,23,87.0,11,15,73.3,2,4,50.0,0,0.2,0.1,-0.2,3,2,1,0,3
353,Yukhym Konoplia,ua UKR,DF,Shakhtar,23,1999,2.8,99,125,79.2,1619,514,47,50,94.0,41,51,80.4,8,16,50.0,1,0.3,0.8,0.7,3,2,4,3,7
354,Ilias Kostis,gr GRE,FW,Atlético Madrid,20,2003,0.0,0,0,0.0,0,0,0,0,0.0,0,0,0.0,0,0,0.0,0,0.0,0.0,0.0,0,0,0,0,0
355,Jules Koundé,fr FRA,DF,Barcelona,24,1998,8.0,476,542,87.8,9418,3062,181,195,92.8,226,248,91.1,65,86,75.6,0,0.3,0.2,-0.3,3,47,2,0,31
356,Mateo Kovačić,hr CRO,MF,Manchester City,29,1994,4.8,325,352,92.3,4488,1001,213,224,95.1,99,105,94.3,8,12,66.7,0,0.6,0.6,-0.6,6,34,3,0,16
357,Alex Král,cz CZE,MF,Union Berlin,25,1998,2.8,86,107,80.4,1577,444,38,42,90.5,37,43,86.0,9,15,60.0,1,0.3,0.2,0.7,2,9,3,1,14
358,Jean-Philippe Krasso,ci CIV,"FW,MF",Red Star,26,1997,1.2,16,35,45.7,236,63,10,19,52.6,5,6,83.3,1,3,33.3,1,0.0,0.1,1.0,2,2,2,0,4
359,Frans Krätzig,de GER,DF,Bayern Munich,20,2003,0.1,8,9,88.9,122,23,3,3,100.0,5,5,100.0,0,0,0.0,0,0.0,0.0,0.0,0,1,0,0,0
360,Toni Kroos,de GER,MF,Real Madrid,33,1990,9.5,854,931,91.7,15930,6052,391,402,97.3,324,342,94.7,124,161,77.0,2,1.9,2.0,0.1,24,112,8,1,78
361,Rade Krunić,ba BIH,"MF,DF",Milan,29,1993,2.3,122,136,89.7,2348,580,46,52,88.5,58,63,92.1,17,19,89.5,0,0.5,0.8,-0.5,8,12,0,0,13
362,Dmytro Kryskiv,ua UKR,"MF,FW",Shakhtar,22,2000,4.3,91,115,79.1,1248,274,53,59,89.8,33,39,84.6,2,6,33.3,0,0.1,0.4,-0.1,2,8,1,0,8
364,Takefusa Kubo,jp JPN,"FW,MF",Real Sociedad,22,2001,6.2,165,232,71.1,2675,911,97,114,85.1,43,66,65.2,20,32,62.5,1,2.2,1.9,-1.2,20,8,13,2,23
365,Khvicha Kvaratskhelia,ge GEO,FW,Napoli,22,2001,7.4,236,301,78.4,3508,891,156,174,89.7,51,68,75.0,23,36,63.9,1,1.4,2.2,-0.4,19,8,15,2,33
366,Gustaf Lagerbielke,se SWE,DF,Celtic,23,2000,0.9,62,68,91.2,1157,289,22,24,91.7,36,37,97.3,4,7,57.1,0,0.0,0.0,0.0,0,1,0,0,1
367,Aïssa Laïdouni,tn TUN,MF,Union Berlin,26,1996,3.1,82,108,75.9,1290,328,42,48,87.5,33,41,80.5,4,9,44.4,1,0.3,0.3,0.7,3,12,2,0,16
368,Konrad Laimer,at AUT,"MF,DF",Bayern Munich,26,1997,8.6,393,458,85.8,6274,1588,189,207,91.3,178,201,88.6,15,25,60.0,1,0.1,0.4,0.9,1,26,6,0,37
369,Érik Lamela,ar ARG,"FW,MF",Sevilla,31,1992,2.1,41,55,74.5,578,172,24,30,80.0,14,18,77.8,1,1,100.0,0,0.2,0.3,-0.2,1,1,2,1,6
370,Senne Lammens,be BEL,GK,Antwerp,21,2002,1.0,25,57,43.9,716,540,4,5,80.0,9,9,100.0,11,41,26.8,0,0.2,0.0,-0.2,1,0,0,0,0
371,Noa Lang,nl NED,FW,PSV Eindhoven,24,1999,1.8,52,68,76.5,1045,334,26,33,78.8,16,19,84.2,10,12,83.3,0,0.4,0.6,-0.4,5,4,7,2,15
372,Jordan Larsson,se SWE,"FW,MF",FC Copenhagen,26,1997,1.2,20,26,76.9,222,79,14,17,82.4,3,5,60.0,1,1,100.0,0,0.0,0.1,0.0,0,2,1,0,3
373,Jamaal Lascelles,eng ENG,DF,Newcastle Utd,29,1993,5.0,168,203,82.8,3225,1148,64,75,85.3,82,94,87.2,20,28,71.4,0,0.1,0.2,-0.1,1,10,1,0,10
374,Sandro Lauper,ch SUI,MF,Young Boys,26,1996,3.1,92,113,81.4,1525,260,50,59,84.7,27,33,81.8,12,16,75.0,0,0.0,0.0,0.0,2,4,0,0,3
375,Manuel Lazzari,it ITA,DF,Lazio,29,1993,4.7,220,270,81.5,3359,1127,124,139,89.2,85,106,80.2,8,13,61.5,0,0.4,0.2,-0.4,1,16,1,1,20
376,Robin Le Normand,es ESP,DF,Real Sociedad,26,1996,6.4,286,320,89.4,5655,1428,87,94,92.6,173,184,94.0,24,38,63.2,0,0.0,0.0,0.0,0,10,0,0,15
377,Rafael Leão,pt POR,FW,Milan,24,1999,4.9,91,127,71.7,1508,369,45,59,76.3,34,40,85.0,9,17,52.9,0,1.2,0.9,-1.2,10,11,5,3,11
378,Diogo Leite,pt POR,DF,Union Berlin,24,1999,6.0,251,308,81.5,4649,1824,99,108,91.7,115,130,88.5,30,58,51.7,0,0.1,0.2,-0.1,2,19,2,0,21
379,Stav Lemkin,il ISR,DF,Shakhtar,20,2003,0.7,52,56,92.9,969,165,13,15,86.7,39,39,100.0,0,2,0.0,0,0.0,0.0,0.0,0,0,0,0,2
380,Christopher Lenz,de GER,DF,RB Leipzig,28,1994,1.0,51,67,76.1,1014,564,20,25,80.0,23,26,88.5,8,12,66.7,0,0.0,0.0,0.0,0,2,1,0,3
381,Lukas Lerager,dk DEN,MF,FC Copenhagen,30,1993,6.0,125,177,70.6,1605,642,82,104,78.8,27,41,65.9,7,12,58.3,1,0.5,0.4,0.5,4,10,3,1,12
382,Robert Lewandowski,pl POL,FW,Barcelona,34,1988,8.2,121,169,71.6,1709,465,74,103,71.8,37,47,78.7,4,5,80.0,1,1.3,0.5,-0.3,9,14,6,0,25
383,Rico Lewis,eng ENG,"MF,DF",Manchester City,18,2004,6.1,341,367,92.9,5252,821,185,195,94.9,132,136,97.1,16,21,76.2,3,1.0,1.2,2.0,12,15,6,0,30
384,Matthijs de Ligt,nl NED,DF,Bayern Munich,23,1999,5.2,280,310,90.3,5644,1602,69,72,95.8,177,183,96.7,29,46,63.0,1,0.6,0.0,0.4,1,14,0,0,17
385,Victor Lindelöf,se SWE,DF,Manchester Utd,29,1994,3.3,140,160,87.5,2125,802,72,77,93.5,53,62,85.5,8,13,61.5,0,0.0,0.0,0.0,1,7,0,0,11
386,Jesper Lindstrøm,dk DEN,FW,Napoli,23,2000,0.7,25,34,73.5,330,33,17,21,81.0,7,9,77.8,1,2,50.0,0,0.0,0.0,0.0,0,1,0,0,0
387,Ondřej Lingr,cz CZE,"FW,MF",Feyenoord,24,1998,0.8,24,29,82.8,310,67,17,19,89.5,5,6,83.3,1,2,50.0,0,0.0,0.0,0.0,0,2,1,0,4
388,Samuel Lino,br BRA,DF,Atlético Madrid,23,1999,5.6,225,256,87.9,3196,487,136,147,92.5,72,82,87.8,9,10,90.0,3,0.6,0.4,2.4,5,4,6,0,14
390,Valentino Livramento,eng ENG,"DF,FW",Newcastle Utd,20,2002,3.0,112,131,85.5,1707,692,56,64,87.5,50,53,94.3,4,8,50.0,0,0.2,0.4,-0.2,3,8,2,1,16
391,Marcos Llorente,es ESP,"MF,DF",Atlético Madrid,28,1995,7.2,268,329,81.5,3860,1011,155,168,92.3,94,119,79.0,10,25,40.0,1,2.2,1.8,-1.2,14,15,11,3,29
392,Danny Loader,eng ENG,"MF,FW",Porto,22,2000,0.2,8,10,80.0,95,28,7,8,87.5,0,1,0.0,1,1,100.0,0,0.0,0.0,0.0,0,1,0,0,1
393,Stanislav Lobotka,sk SVK,MF,Napoli,28,1994,7.5,380,413,92.0,6087,1510,183,200,91.5,160,167,95.8,23,27,85.2,0,0.1,0.7,-0.1,3,28,2,0,31
394,Ruben Loftus-Cheek,eng ENG,MF,Milan,27,1996,3.6,60,86,69.8,792,206,34,41,82.9,21,32,65.6,1,2,50.0,0,0.4,0.3,-0.4,5,8,5,1,11
395,Sean Longstaff,eng ENG,MF,Newcastle Utd,25,1997,3.9,115,143,80.4,1719,574,67,74,90.5,39,48,81.3,5,7,71.4,0,0.1,0.1,-0.1,3,8,0,0,14
396,Rony Lopes,pt POR,FW,Braga,27,1995,0.0,5,7,71.4,62,32,3,3,100.0,1,2,50.0,0,0,0.0,0,0.0,0.0,0.0,0,1,1,0,2
397,Fermin López,es ESP,MF,Barcelona,20,2003,3.1,114,136,83.8,1855,507,60,68,88.2,40,47,85.1,10,15,66.7,1,0.6,0.4,0.4,10,14,5,1,19
398,Marcos López,pe PER,DF,Feyenoord,23,1999,0.5,19,25,76.0,285,115,11,13,84.6,8,10,80.0,0,1,0.0,0,0.0,0.0,0.0,0,0,1,0,1
399,Hirving Lozano,mx MEX,FW,PSV Eindhoven,28,1995,4.2,90,125,72.0,1242,272,62,72,86.1,19,25,76.0,5,16,31.3,0,0.1,0.3,-0.1,1,2,5,1,8
400,Vladimir Lučić,rs SRB,"DF,FW",Red Star,21,2002,2.3,90,118,76.3,1398,455,54,63,85.7,31,42,73.8,5,7,71.4,0,0.2,0.2,-0.2,7,6,3,1,12
401,Florentino Luís,pt POR,MF,Benfica,23,1999,1.2,50,61,82.0,805,171,27,30,90.0,15,19,78.9,5,5,100.0,0,0.0,0.0,0.0,0,4,0,0,3
402,Castello Lukeba,fr FRA,DF,RB Leipzig,20,2002,6.9,362,402,90.0,6348,2435,147,157,93.6,194,202,96.0,20,35,57.1,0,0.0,0.0,0.0,0,16,0,0,12
403,Dodi Lukebakio,be BEL,FW,Sevilla,25,1997,2.7,55,72,76.4,725,147,33,38,86.8,18,23,78.3,2,4,50.0,0,0.3,0.2,-0.3,4,1,2,1,6
404,Valdemar Lund,dk DEN,DF,FC Copenhagen,20,2003,0.3,12,12,100.0,270,102,3,3,100.0,7,7,100.0,2,2,100.0,0,0.0,0.0,0.0,0,4,0,0,1
405,Andriy Lunin,ua UKR,GK,Real Madrid,24,1999,8.3,199,258,77.1,5038,3296,40,41,97.6,101,101,100.0,55,113,48.7,0,0.0,0.0,0.0,0,1,0,0,0
406,Fabian Lustenberger,ch SUI,DF,Young Boys,35,1988,1.0,50,58,86.2,1208,439,10,12,83.3,28,29,96.6,12,16,75.0,0,0.0,0.0,0.0,0,2,0,0,2
407,Ian Maatsen,nl NED,DF,Dortmund,21,2002,7.0,316,385,82.1,5126,1568,159,172,92.4,132,154,85.7,20,36,55.6,0,1.0,0.7,-1.0,5,32,5,1,37
408,Deiver Machado,co COL,DF,Lens,29,1993,4.1,111,154,72.1,1607,600,61,80,76.3,49,62,79.0,0,6,0.0,0,0.1,0.1,-0.1,2,7,2,2,10
409,Daizen Maeda,jp JPN,FW,Celtic,25,1997,3.1,60,78,76.9,856,139,34,41,82.9,21,25,84.0,2,3,66.7,1,0.1,0.1,0.9,2,2,0,0,6
410,Gabriel Magalhães,br BRA,DF,Arsenal,25,1997,10.3,641,706,90.8,10734,3221,271,287,94.4,328,343,95.6,29,53,54.7,0,0.0,0.1,0.0,0,27,2,0,31
411,Harry Maguire,eng ENG,DF,Manchester Utd,30,1993,3.4,189,221,85.5,3791,1315,58,64,90.6,103,108,95.4,25,43,58.1,0,0.0,0.0,0.0,0,9,0,0,11
412,Jon Magunazelaia,es ESP,MF,Real Sociedad,23,2000,0.2,1,2,50.0,16,0,0,0,0.0,1,1,100.0,0,0,0.0,0,0.0,0.0,0.0,0,0,0,0,0
413,Mike Maignan,fr FRA,GK,Milan,28,1995,5.9,146,183,79.8,4416,3038,22,22,100.0,67,68,98.5,57,92,62.0,0,0.0,0.0,0.0,0,9,2,0,0
414,Kobbie Mainoo,eng ENG,MF,Manchester Utd,18,2005,0.5,19,21,90.5,316,110,11,12,91.7,6,7,85.7,2,2,100.0,0,0.0,0.0,0.0,0,4,0,0,2
416,Donyell Malen,nl NED,FW,Dortmund,24,1999,5.1,105,140,75.0,1454,400,65,79,82.3,31,40,77.5,3,5,60.0,0,0.4,0.3,-0.4,5,4,6,0,17
417,Darian Males,ch SUI,MF,Young Boys,22,2001,1.9,33,47,70.2,630,178,8,13,61.5,16,21,76.2,6,8,75.0,0,0.2,0.3,-0.2,3,3,1,0,6
418,Reinildo Mandava,mz MOZ,DF,Atlético Madrid,29,1994,0.3,12,16,75.0,171,61,6,7,85.7,5,5,100.0,0,1,0.0,0,0.0,0.0,0.0,0,1,0,0,1
419,José María Giménez,uy URU,DF,Atlético Madrid,28,1995,5.3,224,255,87.8,4814,1741,56,62,90.3,133,141,94.3,33,45,73.3,1,0.9,0.6,0.1,2,5,1,0,4
420,Mariano,do DOM,"MF,FW",Sevilla,29,1993,0.7,7,14,50.0,86,20,4,8,50.0,3,3,100.0,0,1,0.0,0,0.0,0.0,0.0,0,0,0,0,1
421,Adrián Marín,es ESP,DF,Braga,26,1997,0.3,8,12,66.7,189,135,2,2,100.0,3,5,60.0,2,3,66.7,0,0.0,0.0,0.0,0,2,0,0,1
422,João Mário,pt POR,"FW,MF",Benfica,30,1993,3.6,139,160,86.9,1801,386,82,82,100.0,40,47,85.1,5,12,41.7,0,0.1,0.2,-0.1,3,12,4,0,14
423,João Mário Lopes,pt POR,DF,Porto,23,2000,6.6,217,273,79.5,3451,1226,112,127,88.2,77,98,78.6,16,29,55.2,1,1.1,1.0,-0.1,10,7,11,5,28
424,Marquinhos,br BRA,DF,Paris S-G,29,1994,10.0,732,807,90.7,14565,4481,199,217,91.7,439,454,96.7,78,114,68.4,2,0.9,0.5,1.1,5,74,4,1,58
425,Anthony Martial,fr FRA,"FW,DF",Manchester Utd,27,1995,0.6,13,15,86.7,164,37,7,9,77.8,4,4,100.0,0,0,0.0,1,0.2,0.1,0.8,2,3,0,0,2
426,Gabriel Martinelli,br BRA,FW,Arsenal,22,2001,5.3,129,169,76.3,1777,361,84,95,88.4,29,43,67.4,8,16,50.0,1,0.8,0.6,0.2,9,5,6,1,10
427,Iñigo Martínez,es ESP,DF,Barcelona,32,1991,3.5,180,209,86.1,3829,1324,40,46,87.0,118,129,91.5,22,31,71.0,0,0.0,0.1,0.0,1,20,0,0,25
428,Lautaro Martínez,ar ARG,FW,Inter,25,1997,5.9,81,109,74.3,1172,279,47,54,87.0,26,36,72.2,4,7,57.1,0,0.7,0.5,-0.7,3,5,3,0,18
429,Lisandro Martínez,ar ARG,DF,Manchester Utd,25,1998,1.0,46,47,97.9,751,260,21,21,100.0,25,25,100.0,0,1,0.0,0,0.0,0.0,0.0,0,1,0,0,2
430,Toni Martínez,es ESP,FW,Porto,26,1997,0.1,1,5,20.0,9,3,1,5,20.0,0,0,0.0,0,0,0.0,0,0.0,0.0,0.0,0,1,0,0,0
431,Adam Marušić,me MNE,DF,Lazio,30,1992,5.7,268,319,84.0,4219,1819,141,167,84.4,109,119,91.6,14,21,66.7,0,0.2,0.2,-0.2,4,19,2,2,21
432,Matheus,br BRA,GK,Braga,31,1992,6.0,161,213,75.6,4186,3035,36,36,100.0,73,74,98.6,51,101,50.5,0,0.0,0.0,0.0,0,2,0,0,0
433,Magnus Mattsson,dk DEN,MF,FC Copenhagen,24,1999,1.3,16,27,59.3,304,132,9,12,75.0,5,7,71.4,2,4,50.0,0,0.0,0.1,0.0,1,1,1,0,2
434,Mykola Matviyenko,ua UKR,DF,Shakhtar,27,1996,5.0,228,270,84.4,3730,1715,119,124,96.0,85,97,87.6,18,35,51.4,0,0.1,0.0,-0.1,3,5,0,0,7
435,Eric Maxim Choupo-Moting,cm CMR,"FW,MF",Bayern Munich,34,1989,0.5,14,17,82.4,224,14,8,8,100.0,5,7,71.4,1,1,100.0,0,0.1,0.0,-0.1,1,0,0,0,0
436,Noussair Mazraoui,ma MAR,DF,Bayern Munich,25,1997,7.2,371,426,87.1,5547,1889,208,225,92.4,141,161,87.6,17,27,63.0,1,0.6,0.7,0.4,7,37,7,1,39
437,Kylian Mbappé,fr FRA,FW,Paris S-G,24,1998,12.0,318,395,80.5,4966,1292,183,211,86.7,107,126,84.9,21,30,70.0,0,4.5,3.6,-4.5,26,30,29,3,60
438,Callum McGregor,sct SCO,MF,Celtic,30,1993,5.8,297,335,88.7,4863,911,148,159,93.1,131,143,91.6,14,21,66.7,0,0.2,0.3,-0.2,2,20,1,0,17
439,Scott McKenna,sct SCO,DF,FC Copenhagen,26,1996,2.0,69,78,88.5,1146,478,33,35,94.3,34,36,94.4,2,7,28.6,0,0.0,0.0,0.0,0,3,0,0,0
440,Scott McTominay,sct SCO,MF,Manchester Utd,26,1996,4.2,116,131,88.5,1667,395,63,69,91.3,43,47,91.5,3,4,75.0,1,1.2,0.7,-0.2,3,2,1,0,14
442,Facundo Medina,ar ARG,DF,Lens,24,1999,5.5,231,276,83.7,3608,1454,112,124,90.3,89,100,89.0,15,25,60.0,0,0.1,0.2,-0.1,2,17,2,1,15
443,Hannibal Mejbri,tn TUN,"MF,FW",Manchester Utd,20,2003,0.7,19,26,73.1,235,52,11,13,84.6,8,10,80.0,0,1,0.0,0,0.0,0.0,0.0,0,1,1,0,4
444,Birger Meling,no NOR,DF,FC Copenhagen,28,1994,2.1,89,113,78.8,1391,619,48,49,98.0,27,42,64.3,8,13,61.5,1,0.4,0.2,0.6,3,6,3,3,5
445,Memphis,nl NED,FW,Atlético Madrid,29,1994,1.2,42,50,84.0,605,154,26,29,89.7,13,15,86.7,3,3,100.0,0,0.1,0.1,-0.1,2,3,3,0,9
446,Joe Mendes,se SWE,DF,Braga,20,2002,2.3,109,144,75.7,1454,393,71,76,93.4,29,42,69.0,3,15,20.0,0,0.2,0.4,-0.2,2,7,5,5,7
447,Nuno Mendes,pt POR,DF,Paris S-G,21,2002,4.7,284,339,83.8,4851,1578,125,143,87.4,126,142,88.7,28,40,70.0,0,0.4,0.3,-0.4,6,21,3,1,28
448,Brais Méndez,es ESP,MF,Real Sociedad,26,1997,5.8,208,262,79.4,3230,837,120,138,87.0,63,79,79.7,18,29,62.1,1,0.7,0.5,0.3,8,25,2,0,21
449,Ferland Mendy,fr FRA,DF,Real Madrid,28,1995,9.7,419,460,91.1,5725,1607,254,264,96.2,133,152,87.5,16,21,76.2,0,0.5,0.6,-0.5,2,35,3,1,36
450,Nampalys Mendy,sn SEN,MF,Lens,31,1992,4.1,126,157,80.3,1745,509,62,71,87.3,48,55,87.3,4,13,30.8,0,0.1,0.2,-0.1,2,8,4,0,13
451,Alex Meret,it ITA,GK,Napoli,26,1997,8.0,235,265,88.7,5783,3606,39,39,100.0,142,143,99.3,54,82,65.9,0,0.0,0.0,0.0,0,0,0,0,0
452,Mikel Merino,es ESP,MF,Real Sociedad,27,1996,7.0,256,328,78.0,3934,1272,138,169,81.7,90,108,83.3,17,28,60.7,1,0.7,0.5,0.3,9,34,10,1,48
453,Dries Mertens,be BEL,MF,Galatasaray,36,1987,2.2,55,85,64.7,834,349,31,41,75.6,19,23,82.6,4,11,36.4,0,1.1,0.8,-1.1,10,3,6,2,10
454,Alexander Meyer,de GER,GK,Dortmund,32,1991,1.0,43,50,86.0,1169,710,5,5,100.0,25,25,100.0,13,20,65.0,0,0.0,0.0,0.0,0,0,0,0,0
455,Srđan Mijailović,rs SRB,"DF,MF",Red Star,29,1993,5.4,149,209,71.3,2717,1292,64,72,88.9,70,91,76.9,13,36,36.1,0,0.0,0.1,0.0,1,13,1,1,15
456,Jovan Mijatović,rs SRB,"FW,MF",Red Star,18,2005,1.3,18,19,94.7,327,89,9,9,100.0,7,7,100.0,2,3,66.7,0,0.0,0.0,0.0,1,5,2,0,4
457,Antoni Milambo,nl NED,"DF,MF",Feyenoord,18,2005,0.4,24,26,92.3,324,97,14,15,93.3,7,7,100.0,1,2,50.0,0,0.0,0.1,0.0,1,5,0,0,5
458,Lewis Miley,eng ENG,MF,Newcastle Utd,17,2006,1.9,54,70,77.1,781,171,33,37,89.2,19,26,73.1,1,5,20.0,1,0.2,0.1,0.8,3,3,1,1,5
459,Éder Militão,br BRA,DF,Real Madrid,25,1998,0.1,4,5,80.0,49,8,2,2,100.0,2,2,100.0,0,1,0.0,0,0.0,0.0,0.0,0,0,0,0,0
460,Kim Min-jae,kr KOR,DF,Bayern Munich,26,1996,7.3,563,609,92.4,10253,3658,217,223,97.3,300,316,94.9,42,59,71.2,0,0.1,0.1,-0.1,2,36,0,0,27
461,Yankuba Minteh,gm GAM,FW,Feyenoord,19,2004,2.2,42,62,67.7,635,143,28,35,80.0,10,17,58.8,4,5,80.0,0,0.3,0.5,-0.3,3,3,4,0,6
462,Rafa Mir,es ESP,FW,Sevilla,26,1997,0.4,1,6,16.7,13,0,1,5,20.0,0,0,0.0,0,0,0.0,0,0.0,0.0,0.0,0,0,0,0,0
463,Stefan Mitrović,rs SRB,"DF,FW",Red Star,20,2002,2.3,37,53,69.8,634,229,18,21,85.7,15,20,75.0,4,10,40.0,0,0.0,0.1,0.0,2,5,0,0,7
464,Henrikh Mkhitaryan,am ARM,MF,Inter,34,1989,5.7,217,257,84.4,3664,904,107,128,83.6,80,89,89.9,23,27,85.2,0,0.4,0.4,-0.4,5,15,5,0,26
465,Luka Modrić,hr CRO,MF,Real Madrid,37,1985,4.7,373,428,87.1,5874,1937,200,211,94.8,115,130,88.5,36,59,61.0,0,0.9,1.0,-0.9,17,50,13,1,47
466,Nahuel Molina,ar ARG,DF,Atlético Madrid,25,1998,8.7,464,627,74.0,7196,2456,264,299,88.3,158,220,71.8,30,70,42.9,2,0.7,1.0,1.3,8,32,12,5,40
468,Joel Monteiro,ch SUI,"FW,MF",Young Boys,23,1999,2.9,39,54,72.2,615,123,22,27,81.5,12,14,85.7,4,5,80.0,1,0.7,1.1,0.3,5,1,2,0,5
469,Álvaro Morata,es ESP,FW,Atlético Madrid,30,1992,7.4,115,158,72.8,1590,220,75,86,87.2,30,44,68.2,6,11,54.5,1,0.1,0.2,0.9,3,4,0,0,6
470,Morato,br BRA,DF,Benfica,22,2001,4.8,236,296,79.7,4129,1480,103,126,81.7,106,123,86.2,21,29,72.4,0,0.4,0.3,-0.4,2,12,1,1,15
471,Leandro Morgalla,de GER,DF,RB Salzburg,18,2004,0.5,6,9,66.7,130,28,2,3,66.7,2,4,50.0,2,2,100.0,0,0.0,0.0,0.0,0,0,0,0,0
472,Youssoufa Moukoko,de GER,FW,Dortmund,18,2004,0.2,8,11,72.7,105,37,5,5,100.0,3,4,75.0,0,1,0.0,0,0.0,0.0,0.0,0,2,0,0,2
473,Mason Mount,eng ENG,"MF,FW",Manchester Utd,24,1999,1.0,32,38,84.2,420,132,22,22,100.0,6,8,75.0,2,4,50.0,0,0.0,0.0,0.0,0,3,0,0,3
474,João Moutinho,pt POR,MF,Braga,36,1986,3.2,252,274,92.0,4248,1244,123,130,94.6,100,104,96.2,24,30,80.0,0,0.2,0.6,-0.2,4,24,2,1,28
475,Arbnor Muja,al ALB,FW,Antwerp,24,1998,4.0,84,121,69.4,1141,229,53,66,80.3,24,36,66.7,3,6,50.0,0,0.1,0.3,-0.1,2,3,1,0,8
476,Nordi Mukiele,fr FRA,DF,Paris S-G,25,1997,0.6,36,40,90.0,606,182,20,21,95.2,9,10,90.0,6,8,75.0,0,0.0,0.0,0.0,0,1,1,0,5
477,Thomas Müller,de GER,MF,Bayern Munich,33,1989,4.7,137,177,77.4,2083,472,82,98,83.7,43,56,76.8,8,12,66.7,1,1.5,1.9,-0.5,14,11,13,4,20
478,Aihen Muñoz,es ESP,DF,Real Sociedad,25,1997,5.3,266,334,79.6,4334,1733,115,127,90.6,127,152,83.6,15,34,44.1,1,0.8,0.1,0.2,1,34,0,0,40
479,Jacob Murphy,eng ENG,FW,Newcastle Utd,28,1995,1.0,18,24,75.0,214,41,16,16,100.0,2,6,33.3,0,0,0.0,1,0.0,0.0,1.0,1,3,0,0,3
480,Petar Musa,hr CRO,"FW,MF",Benfica,25,1998,2.6,41,60,68.3,430,168,27,36,75.0,9,14,64.3,0,1,0.0,0,0.2,0.3,-0.2,4,2,0,0,2
481,Yunus Musah,us USA,MF,Milan,20,2002,3.9,89,111,80.2,1403,352,43,48,89.6,38,44,86.4,3,6,50.0,0,0.2,0.1,-0.2,2,6,3,1,12
482,Jamal Musiala,de GER,"MF,FW",Bayern Munich,20,2003,9.7,313,358,87.4,4526,1052,184,199,92.5,108,121,89.3,10,15,66.7,1,1.8,2.1,-0.8,18,27,13,0,49
483,Fernando Muslera,uy URU,GK,Galatasaray,37,1986,6.0,196,242,81.0,5104,3469,30,31,96.8,108,111,97.3,57,98,58.2,0,0.0,0.0,0.0,0,3,0,0,0
484,Almoatasem Al Musrati,ly LBY,MF,Braga,27,1996,3.4,260,294,88.4,5413,1420,83,93,89.2,129,137,94.2,43,54,79.6,0,0.1,0.3,-0.1,2,32,1,0,32
485,Nacho,es ESP,DF,Real Madrid,33,1990,10.9,625,661,94.6,10238,3715,296,302,98.0,297,308,96.4,25,38,65.8,0,0.1,0.1,-0.1,2,19,1,0,20
486,Natan,br BRA,DF,Napoli,22,2001,5.0,295,346,85.3,5484,1928,107,116,92.2,157,181,86.7,28,40,70.0,1,0.7,0.6,0.3,3,19,2,0,21
487,Fran Navarro,es ESP,FW,Porto,25,1998,0.1,1,1,100.0,9,0,1,1,100.0,0,0,0.0,0,0,0.0,0,0.0,0.0,0.0,0,0,0,0,0
488,Jesús Navas,es ESP,DF,Sevilla,37,1985,2.4,83,126,65.9,1628,586,33,40,82.5,38,55,69.1,11,23,47.8,0,0.2,0.3,-0.2,2,5,5,5,9
489,Yehor Nazaryna,ua UKR,MF,Shakhtar,26,1997,2.3,89,103,86.4,1424,300,46,49,93.9,38,45,84.4,5,7,71.4,1,1.2,0.6,-0.2,3,7,2,0,7
490,Cherif Ndiaye,sn SEN,FW,Red Star,27,1996,4.0,59,78,75.6,816,161,34,41,82.9,19,24,79.2,2,3,66.7,0,0.4,0.2,-0.4,6,4,1,0,11
491,Tanguy Ndombele,fr FRA,MF,Galatasaray,26,1996,1.0,38,41,92.7,588,145,19,21,90.5,17,17,100.0,1,1,100.0,0,0.0,0.0,0.0,0,3,0,0,4
492,Kosta Nedeljković,rs SRB,DF,Red Star,17,2005,2.6,86,114,75.4,1367,373,49,54,90.7,30,45,66.7,6,12,50.0,0,0.1,0.3,-0.1,3,7,4,2,13
494,Reiss Nelson,eng ENG,FW,Arsenal,23,1999,2.0,87,91,95.6,1295,317,54,54,100.0,24,24,100.0,7,8,87.5,2,0.4,0.5,1.6,6,4,6,1,10
495,Victor Nelsson,dk DEN,DF,Galatasaray,24,1998,1.1,80,92,87.0,1564,422,24,31,77.4,53,56,94.6,2,3,66.7,0,0.0,0.0,0.0,0,4,0,0,8
496,David Neres,br BRA,FW,Benfica,26,1997,2.0,50,64,78.1,666,146,34,36,94.4,11,14,78.6,3,7,42.9,0,0.0,0.1,0.0,1,3,2,0,6
497,Manuel Neuer,de GER,GK,Bayern Munich,37,1986,9.0,297,346,85.8,7646,4568,35,36,97.2,176,177,99.4,86,133,64.7,0,0.0,0.0,0.0,0,4,0,0,3
498,João Neves,pt POR,MF,Benfica,18,2004,6.0,289,360,80.3,4570,1418,165,184,89.7,88,115,76.5,24,39,61.5,0,0.2,0.4,-0.2,3,39,3,0,28
499,Newerton,br BRA,"MF,FW",Shakhtar,18,2005,2.4,35,48,72.9,481,99,23,28,82.1,6,8,75.0,3,5,60.0,0,0.1,0.1,-0.1,2,0,1,0,3
500,Cyril Ngonge,be BEL,FW,Napoli,23,2000,0.0,0,0,0.0,0,0,0,0,0.0,0,0,0.0,0,0,0.0,0,0.0,0.0,0.0,0,0,0,0,0
501,Sikou Niakaté,ml MLI,DF,Braga,24,1999,4.3,214,244,87.7,4042,1824,79,82,96.3,115,120,95.8,19,37,51.4,0,0.0,0.0,0.0,0,20,0,0,17
502,Tanguy Nianzou,fr FRA,DF,Sevilla,21,2002,0.4,8,10,80.0,129,118,4,4,100.0,4,5,80.0,0,0,0.0,0,0.0,0.0,0.0,0,1,0,0,1
503,Cheikh Niasse,sn SEN,MF,Young Boys,23,2000,5.9,192,235,81.7,2986,612,100,120,83.3,69,75,92.0,15,21,71.4,1,0.3,0.4,0.7,5,19,1,0,16
504,Bart Nieuwkoop,nl NED,DF,Feyenoord,27,1996,0.9,38,45,84.4,598,217,16,17,94.1,20,25,80.0,0,1,0.0,0,0.0,0.0,0.0,0,1,0,0,5
505,Saúl Ñíguez,es ESP,MF,Atlético Madrid,28,1994,4.8,176,220,80.0,2342,602,107,123,87.0,55,65,84.6,4,6,66.7,0,0.1,0.2,-0.1,3,14,3,0,12
506,Eddie Nketiah,eng ENG,FW,Arsenal,24,1999,1.6,34,42,81.0,388,18,21,23,91.3,8,9,88.9,0,0,0.0,0,0.0,0.2,0.0,1,0,1,0,1
507,Felix Nmecha,de GER,MF,Dortmund,22,2000,3.9,89,120,74.2,1299,396,58,72,80.6,21,28,75.0,6,11,54.5,0,0.2,0.1,-0.2,5,12,1,0,12
508,Jean-Pierre Nsame,cm CMR,FW,Young Boys,30,1993,1.8,25,43,58.1,400,110,15,23,65.2,9,16,56.3,1,2,50.0,1,0.7,0.3,0.3,3,6,0,0,6
509,Matheus Nunes,pt POR,"MF,FW",Manchester City,24,1998,4.7,294,323,91.0,4098,790,194,209,92.8,81,85,95.3,11,16,68.8,1,1.2,1.7,-0.2,13,22,11,1,36
510,Ørjan Nyland,no NOR,GK,Sevilla,32,1990,2.0,64,83,77.1,1875,1301,11,11,100.0,29,29,100.0,24,43,55.8,0,0.0,0.0,0.0,0,0,0,0,0
511,Matt O'Riley,dk DEN,MF,Celtic,22,2000,5.4,178,230,77.4,2700,694,102,118,86.4,53,62,85.5,16,28,57.1,3,2.3,1.7,0.7,15,12,6,1,26
512,Armando Obispo,nl NED,DF,PSV Eindhoven,24,1999,1.0,60,69,87.0,1328,455,13,13,100.0,38,40,95.0,9,13,69.2,0,0.0,0.0,0.0,0,8,0,0,7
513,Jan Oblak,si SVN,GK,Atlético Madrid,30,1993,10.3,202,279,72.4,5458,3788,29,29,100.0,109,111,98.2,63,137,46.0,0,0.0,0.0,0.0,0,2,0,0,0
514,Lucas Ocampos,ar ARG,FW,Sevilla,29,1994,3.8,84,132,63.6,1331,395,40,54,74.1,39,58,67.2,3,8,37.5,0,0.5,0.5,-0.5,4,5,6,2,19
515,Álvaro Odriozola,es ESP,"DF,FW",Real Sociedad,27,1995,1.1,53,60,88.3,928,147,20,21,95.2,24,26,92.3,7,7,100.0,0,0.0,0.0,0.0,1,1,0,0,2
516,Noah Okafor,ch SUI,FW,Milan,23,2000,0.4,4,6,66.7,55,30,3,3,100.0,1,3,33.3,0,0,0.0,1,0.2,0.0,0.8,1,0,1,0,2
517,Olasagasti,es ESP,MF,Real Sociedad,22,2000,0.1,2,4,50.0,14,0,1,1,100.0,0,1,0.0,0,0,0.0,0,0.0,0.0,0.0,0,0,0,0,0
518,Peter Olayinka,ng NGA,"DF,FW",Red Star,27,1995,1.9,30,52,57.7,360,93,21,25,84.0,6,13,46.2,0,4,0.0,0,0.0,0.0,0.0,1,1,2,0,5
520,Sérgio Oliveira,pt POR,MF,Galatasaray,31,1992,1.4,69,93,74.2,1211,414,40,44,90.9,15,27,55.6,11,15,73.3,1,0.4,0.3,0.6,5,13,2,0,17
521,Mathías Olivera,uy URU,DF,Napoli,25,1997,3.6,180,215,83.7,2546,917,114,125,91.2,47,56,83.9,14,17,82.4,0,0.3,0.5,-0.3,6,12,4,2,16
522,Dani Olmo,es ESP,MF,RB Leipzig,25,1998,2.0,64,84,76.2,870,341,45,51,88.2,13,19,68.4,5,8,62.5,0,0.3,0.2,-0.3,3,11,4,0,10
523,André Onana,cm CMR,GK,Manchester Utd,27,1996,6.0,167,229,72.9,4841,3337,34,34,100.0,72,75,96.0,60,119,50.4,0,0.0,0.0,0.0,0,12,0,0,1
524,Loïs Openda,be BEL,FW,RB Leipzig,23,2000,6.1,69,101,68.3,994,147,41,54,75.9,21,26,80.8,3,5,60.0,0,0.6,0.3,-0.6,4,2,4,0,10
525,Fredrik Oppegard,no NOR,FW,PSV Eindhoven,20,2002,0.0,0,0,0.0,0,0,0,0,0.0,0,0,0.0,0,0,0.0,0,0.0,0.0,0.0,0,0,0,0,0
526,Willi Orban,hu HUN,DF,RB Leipzig,30,1992,2.0,136,148,91.9,2294,991,57,61,93.4,68,72,94.4,7,7,100.0,0,0.1,0.1,-0.1,1,5,0,0,6
527,Stefan Ortega,de GER,GK,Manchester City,30,1992,3.0,143,173,82.7,3297,2274,43,44,97.7,63,64,98.4,37,64,57.8,0,0.0,0.0,0.0,0,1,0,0,0
528,Victor Osimhen,ng NGA,FW,Napoli,24,1998,5.1,57,80,71.3,736,94,44,53,83.0,6,11,54.5,4,8,50.0,0,0.7,0.6,-0.7,5,1,1,0,3
529,Nicolás Otamendi,ar ARG,DF,Benfica,35,1988,6.0,276,322,85.7,5480,2065,91,105,86.7,147,161,91.3,35,48,72.9,1,0.4,0.1,0.6,3,13,0,0,23
530,Mikel Oyarzabal,es ESP,"FW,MF",Real Sociedad,26,1997,6.5,121,148,81.8,1785,244,62,73,84.9,41,45,91.1,7,10,70.0,0,0.5,0.2,-0.5,8,3,3,0,8
531,Salih Özcan,tr TUR,MF,Dortmund,25,1998,4.9,195,232,84.1,3019,811,104,116,89.7,76,82,92.7,9,16,56.3,0,0.2,0.2,-0.2,4,18,3,1,13
532,Jon Pacheco,es ESP,DF,Real Sociedad,22,2001,1.4,64,71,90.1,1335,403,17,17,100.0,38,40,95.0,8,13,61.5,0,0.0,0.0,0.0,0,5,0,0,8
533,Igor Paixão,br BRA,FW,Feyenoord,23,2000,4.4,107,151,70.9,1651,537,61,78,78.2,37,48,77.1,7,18,38.9,0,1.5,1.5,-1.5,8,5,5,2,12
534,Thomas Partey,gh GHA,MF,Arsenal,30,1993,0.1,8,10,80.0,141,95,5,6,83.3,2,2,100.0,1,1,100.0,0,0.0,0.0,0.0,0,2,1,0,1
535,Patric,es ESP,DF,Lazio,30,1993,4.1,265,308,86.0,5523,2046,83,88,94.3,137,147,93.2,43,67,64.2,0,0.1,0.1,-0.1,2,17,0,0,19
536,Benjamin Pavard,fr FRA,DF,Inter,27,1996,5.3,321,371,86.5,5705,1747,135,142,95.1,156,172,90.7,26,48,54.2,0,0.1,0.2,-0.1,3,22,2,0,20
537,Aleksandar Pavlovic,de GER,MF,Bayern Munich,19,2004,2.3,170,183,92.9,3226,779,63,68,92.6,88,92,95.7,18,21,85.7,0,0.0,0.1,0.0,0,20,2,0,22
538,Strahinja Pavlović,rs SRB,DF,RB Salzburg,22,2001,5.5,258,319,80.9,5252,1852,84,97,86.6,139,159,87.4,33,56,58.9,0,0.1,0.1,-0.1,2,17,1,0,20
539,Nicolás Paz,ar ARG,MF,Real Madrid,18,2004,0.5,22,26,84.6,277,31,16,17,94.1,6,6,100.0,0,1,0.0,0,0.0,0.0,0.0,0,0,0,0,2
540,Pedri,es ESP,"MF,FW",Barcelona,20,2002,3.7,147,177,83.1,2515,636,68,74,91.9,66,81,81.5,13,15,86.7,3,0.7,0.8,2.3,5,17,3,0,25
541,Pedro,es ESP,FW,Lazio,36,1987,2.1,81,90,90.0,1111,206,53,56,94.6,20,23,87.0,5,5,100.0,0,0.3,0.6,-0.3,3,4,2,0,7
542,Adrià Pedrosa,es ESP,"DF,FW",Sevilla,25,1998,3.6,90,127,70.9,1557,444,42,50,84.0,39,53,73.6,7,17,41.2,0,0.0,0.1,0.0,0,5,2,1,6
543,Luca Pellegrini,it ITA,DF,Lazio,24,1999,1.8,98,116,84.5,1529,654,56,61,91.8,35,38,92.1,6,12,50.0,0,0.0,0.1,0.0,0,11,3,1,10
544,Facundo Pellistri,uy URU,FW,Manchester Utd,21,2001,1.2,20,22,90.9,203,26,20,21,95.2,0,0,0.0,0,0,0.0,0,0.0,0.0,0.0,1,0,0,0,1
546,Iñaki Peña,es ESP,GK,Barcelona,24,1999,2.0,64,72,88.9,1526,1138,19,20,95.0,31,31,100.0,14,21,66.7,0,0.0,0.0,0.0,0,1,0,0,0
547,Pepe,pt POR,DF,Porto,40,1983,7.3,400,465,86.0,8065,2670,134,145,92.4,200,211,94.8,60,96,62.5,0,0.1,0.2,-0.1,1,28,2,0,31
548,Pepê,br BRA,"MF,FW",Porto,26,1997,7.1,161,214,75.2,2418,748,87,115,75.7,48,54,88.9,13,20,65.0,2,0.8,1.0,1.2,12,16,14,1,35
549,Ricardo Pepi,us USA,"FW,MF",PSV Eindhoven,20,2003,1.5,30,37,81.1,435,87,19,20,95.0,9,14,64.3,2,2,100.0,1,0.2,0.1,0.8,2,1,1,0,4
550,Danilo Pereira,pt POR,DF,Paris S-G,31,1991,1.8,128,135,94.8,2514,751,44,44,100.0,71,77,92.2,13,13,100.0,0,0.2,0.2,-0.2,1,8,1,0,6
551,Noah Persson,se SWE,"DF,MF",Young Boys,20,2003,0.4,18,27,66.7,277,84,11,13,84.6,6,9,66.7,1,4,25.0,0,0.0,0.1,0.0,1,1,1,1,1
552,Kalvin Phillips,eng ENG,MF,Manchester City,27,1995,1.4,107,117,91.5,1810,469,45,47,95.7,55,60,91.7,6,7,85.7,0,0.0,0.0,0.0,1,14,0,0,10
553,Nathaniel Phillips,eng ENG,DF,Celtic,26,1997,1.0,89,99,89.9,1412,336,41,43,95.3,45,47,95.7,3,8,37.5,0,0.0,0.0,0.0,0,7,0,0,9
554,Kamil Piątkowski,pl POL,DF,RB Salzburg,23,2000,2.0,61,86,70.9,1322,344,14,17,82.4,37,43,86.0,10,22,45.5,0,0.0,0.0,0.0,0,2,0,0,4
555,Pizzi,pt POR,MF,Braga,33,1989,0.6,25,32,78.1,386,88,14,16,87.5,7,8,87.5,3,6,50.0,0,0.1,0.0,-0.1,1,3,0,0,6
556,Tommaso Pobega,it ITA,MF,Milan,24,1999,1.7,26,40,65.0,313,116,17,22,77.3,6,13,46.2,1,2,50.0,0,0.0,0.1,0.0,0,1,1,0,4
557,Matteo Politano,it ITA,FW,Napoli,29,1993,6.4,203,285,71.2,3357,1030,121,143,84.6,50,71,70.4,26,47,55.3,1,1.1,1.3,-0.1,11,17,18,3,35
558,Nick Pope,eng ENG,GK,Newcastle Utd,31,1992,5.0,89,130,68.5,2643,1956,20,20,100.0,37,37,100.0,31,71,43.7,0,0.0,0.0,0.0,0,1,0,0,0
559,Yussuf Poulsen,dk DEN,"FW,MF",RB Leipzig,29,1994,3.7,52,75,69.3,651,170,30,41,73.2,14,17,82.4,2,3,66.7,1,0.8,0.5,0.2,3,3,2,0,3
560,Ivan Provedel,it ITA,GK,Lazio,29,1994,8.0,207,245,84.5,4851,3103,42,42,100.0,115,119,96.6,49,82,59.8,0,0.0,0.0,0.0,0,1,0,0,2
561,Christian Pulisic,us USA,FW,Milan,24,1998,4.9,128,164,78.0,2056,706,69,75,92.0,37,50,74.0,14,23,60.9,0,0.6,0.7,-0.6,6,10,5,2,16
562,Anthony Racioppi,ch SUI,GK,Young Boys,24,1998,5.0,147,211,69.7,4164,3131,21,21,100.0,74,76,97.4,51,110,46.4,0,0.0,0.0,0.0,0,5,0,0,0
563,Ivan Rakitić,hr CRO,MF,Sevilla,35,1988,5.1,232,310,74.8,4404,1587,109,124,87.9,77,95,81.1,38,77,49.4,3,2.1,1.9,0.9,17,32,8,2,33
564,Yaroslav Rakitskiy,ua UKR,DF,Shakhtar,33,1989,3.8,194,227,85.5,3938,1676,74,76,97.4,91,97,93.8,29,51,56.9,0,0.3,0.9,-0.3,2,11,1,0,7
565,André Ramalho,br BRA,DF,PSV Eindhoven,31,1992,4.7,258,293,88.1,4876,1609,91,99,91.9,135,141,95.7,26,40,65.0,0,0.1,0.0,-0.1,1,6,0,0,13
566,Gonçalo Ramos,pt POR,FW,Paris S-G,22,2001,2.4,58,67,86.6,859,198,34,40,85.0,19,21,90.5,3,3,100.0,0,0.4,0.1,-0.4,4,7,2,0,9
567,Sergio Ramos,es ESP,DF,Sevilla,37,1986,5.0,269,317,84.9,5447,1785,91,105,86.7,140,155,90.3,33,46,71.7,1,0.2,0.4,0.8,3,17,2,0,17
568,Aaron Ramsdale,eng ENG,GK,Arsenal,25,1998,1.0,32,38,84.2,671,423,13,13,100.0,16,16,100.0,3,9,33.3,0,0.0,0.0,0.0,0,2,0,0,0
569,Raphinha,br BRA,FW,Barcelona,26,1996,5.2,134,185,72.4,2327,546,65,79,82.3,49,61,80.3,17,30,56.7,2,1.6,1.4,0.4,10,5,6,2,10
570,Marcus Rashford,eng ENG,FW,Manchester Utd,25,1997,3.2,94,119,79.0,1296,382,53,63,84.1,29,34,85.3,4,9,44.4,2,1.2,1.2,0.8,7,2,8,2,18
572,Giacomo Raspadori,it ITA,"FW,MF",Napoli,23,2000,2.8,70,96,72.9,1185,295,35,41,85.4,27,31,87.1,6,16,37.5,0,0.6,0.6,-0.6,6,9,5,2,13
573,Petar Ratkov,rs SRB,FW,RB Salzburg,19,2003,2.4,20,38,52.6,268,73,12,19,63.2,7,13,53.8,0,2,0.0,0,0.6,0.6,-0.6,4,2,2,1,3
574,David Raum,de GER,DF,RB Leipzig,25,1998,7.0,318,422,75.4,5398,2361,159,176,90.3,115,144,79.9,37,77,48.1,3,3.2,2.6,-0.2,20,17,12,9,22
575,David Raya,es ESP,GK,Arsenal,27,1995,9.3,230,298,77.2,5555,4312,76,77,98.7,102,105,97.1,51,115,44.3,0,0.0,0.0,0.0,0,16,0,0,0
576,Sergio Reguilón,es ESP,DF,Manchester Utd,26,1996,1.7,74,96,77.1,1184,264,33,41,80.5,38,45,84.4,2,7,28.6,0,0.1,0.2,-0.1,1,6,1,1,6
577,Tijjani Reijnders,nl NED,MF,Milan,25,1998,5.3,182,206,88.3,3056,934,83,89,93.3,81,93,87.1,14,18,77.8,0,0.2,0.5,-0.2,5,15,6,1,20
578,Álex Remiro,es ESP,GK,Real Sociedad,28,1995,8.0,162,263,61.6,5624,4536,24,24,100.0,53,54,98.1,85,180,47.2,0,0.0,0.0,0.0,0,5,0,0,0
579,Marco Reus,de GER,"MF,FW",Dortmund,34,1989,5.4,135,176,76.7,1969,589,76,94,80.9,42,47,89.4,8,21,38.1,1,0.6,0.6,0.4,8,10,3,0,16
580,Gio Reyna,us USA,"FW,MF",Dortmund,20,2002,0.2,8,10,80.0,113,46,5,5,100.0,2,3,66.7,1,1,100.0,0,0.0,0.1,0.0,0,2,1,0,2
581,Declan Rice,eng ENG,MF,Arsenal,24,1999,9.3,532,615,86.5,9098,2366,244,266,91.7,225,243,92.6,42,67,62.7,1,0.3,0.6,0.7,7,54,4,0,69
582,Rodrigo Riquelme,es ESP,DF,Atlético Madrid,23,2000,3.5,133,162,82.1,1805,400,92,102,90.2,31,38,81.6,6,10,60.0,0,0.7,0.9,-0.7,4,5,4,2,9
583,Dmytro Riznyk,ua UKR,GK,Shakhtar,24,1999,6.0,161,205,78.5,3837,2761,56,56,100.0,64,65,98.5,41,84,48.8,0,0.0,0.0,0.0,0,2,0,0,0
584,Sergi Roberto,es ESP,MF,Barcelona,31,1992,2.3,121,139,87.1,1707,367,75,78,96.2,36,41,87.8,6,9,66.7,1,1.2,0.7,-0.2,4,9,3,0,14
585,Milan Rodić,rs SRB,DF,Red Star,32,1991,4.6,122,174,70.1,2267,1154,53,62,85.5,52,70,74.3,16,33,48.5,0,0.7,0.5,-0.7,3,8,4,3,11
586,Rodri,es ESP,MF,Manchester City,27,1996,7.7,851,932,91.3,15512,3987,351,380,92.4,406,434,93.5,84,99,84.8,2,1.0,1.6,1.0,16,100,15,1,119
587,Rodrygo,br BRA,FW,Real Madrid,22,2001,11.2,338,372,90.9,3945,854,236,248,95.2,70,77,90.9,7,13,53.8,2,2.1,1.8,-0.1,18,24,10,2,28
588,Alessio Romagnoli,it ITA,DF,Lazio,28,1995,6.0,333,365,91.2,5646,2164,147,153,96.1,167,177,94.4,18,31,58.1,1,0.4,0.0,0.6,2,11,1,0,14
589,Oriol Romeu,es ESP,MF,Barcelona,31,1991,3.8,217,243,89.3,3678,834,104,112,92.9,94,105,89.5,15,18,83.3,0,0.5,0.3,-0.5,1,17,3,0,19
590,Jérôme Roussillon,fr FRA,DF,Union Berlin,30,1993,2.9,86,110,78.2,1439,804,47,54,87.0,22,26,84.6,13,22,59.1,1,0.8,0.5,0.2,5,9,7,5,9
591,Nicolò Rovella,it ITA,MF,Lazio,21,2001,1.5,92,104,88.5,1466,290,49,52,94.2,33,36,91.7,8,12,66.7,0,0.0,0.0,0.0,1,9,0,0,7
592,Amir Rrahmani,xk KVX,DF,Napoli,29,1994,6.1,389,440,88.4,7330,2639,152,167,91.0,190,209,90.9,43,53,81.1,0,0.1,0.1,-0.1,2,14,1,0,27
593,Donat Rrudhani,xk KVX,MF,Young Boys,24,1999,0.1,2,2,100.0,38,27,1,1,100.0,0,0,0.0,1,1,100.0,0,0.1,0.1,-0.1,1,0,0,0,0
594,Antonio Rüdiger,de GER,DF,Real Madrid,30,1993,11.6,591,656,90.1,10855,4119,237,249,95.2,297,311,95.5,54,89,60.7,2,1.2,0.9,0.8,5,31,2,0,27
595,Mário Rui,pt POR,DF,Napoli,32,1991,2.4,174,211,82.5,2722,948,95,101,94.1,66,79,83.5,10,21,47.6,0,0.0,0.2,0.0,2,14,4,0,20
596,Abel Ruiz,es ESP,"FW,MF",Braga,23,2000,2.4,50,57,87.7,703,91,30,33,90.9,14,15,93.3,4,4,100.0,0,0.1,0.1,-0.1,3,4,1,0,7
598,Fabián Ruiz Peña,es ESP,MF,Paris S-G,27,1996,6.9,379,424,89.4,6213,1553,182,198,91.9,162,171,94.7,25,34,73.5,2,0.6,1.2,1.4,11,46,9,3,48
599,Julian Ryerson,no NOR,DF,Dortmund,25,1997,10.0,445,532,83.6,6794,2276,244,268,91.0,175,199,87.9,17,31,54.8,0,0.2,0.3,-0.2,3,36,5,3,35
600,Frederik Rønnow,dk DEN,GK,Union Berlin,30,1992,6.0,136,198,68.7,3881,3003,25,25,100.0,66,66,100.0,45,107,42.1,0,0.0,0.0,0.0,0,4,0,0,0
601,Serdar Saatçı,tr TUR,DF,Braga,20,2003,3.6,166,186,89.2,3028,973,58,61,95.1,99,105,94.3,8,16,50.0,0,0.0,0.0,0.0,0,5,0,0,2
602,Marcel Sabitzer,at AUT,MF,Dortmund,29,1994,10.3,243,308,78.9,3685,985,128,154,83.1,77,95,81.1,19,32,59.4,5,1.4,1.5,3.6,14,26,5,1,31
603,Umar Sadiq,ng NGA,FW,Real Sociedad,26,1997,1.1,16,19,84.2,220,46,8,9,88.9,4,4,100.0,2,2,100.0,0,0.1,0.1,-0.1,2,1,0,0,0
604,Ismael Saibari,ma MAR,MF,PSV Eindhoven,22,2001,3.5,85,112,75.9,1337,411,50,61,82.0,28,38,73.7,5,6,83.3,0,0.4,0.5,-0.4,3,7,6,0,14
605,Wesley Saïd,fr FRA,"FW,MF",Lens,28,1995,0.6,10,17,58.8,129,36,3,5,60.0,3,6,50.0,1,1,100.0,0,0.1,0.0,-0.1,1,2,0,0,2
606,Bukayo Saka,eng ENG,FW,Arsenal,21,2001,8.0,210,276,76.1,2949,743,131,148,88.5,55,66,83.3,15,36,41.7,4,1.9,2.1,2.1,17,8,9,0,22
607,Kike Salas,es ESP,DF,Sevilla,21,2002,1.8,74,106,69.8,1207,409,37,46,80.4,35,44,79.5,1,12,8.3,0,0.0,0.0,0.0,1,4,1,0,5
608,William Saliba,fr FRA,DF,Arsenal,22,2001,10.0,700,784,89.3,11038,3687,352,376,93.6,312,341,91.5,22,42,52.4,0,0.0,0.1,0.0,0,33,1,0,31
609,Brice Samba,fr FRA,GK,Lens,29,1994,6.0,156,212,73.6,4891,3541,18,18,100.0,66,68,97.1,71,123,57.7,0,0.0,0.0,0.0,0,3,0,0,0
610,Alexis Sánchez,cl CHI,FW,Inter,34,1988,3.7,72,105,68.6,1260,436,30,38,78.9,29,37,78.4,9,17,52.9,0,0.5,0.7,-0.5,10,10,4,2,14
611,Davinson Sánchez,co COL,DF,Galatasaray,27,1996,4.0,206,246,83.7,4034,1896,77,84,91.7,100,109,91.7,29,48,60.4,2,0.5,0.3,1.5,4,17,1,0,27
612,Juanlu Sánchez,es ESP,DF,Sevilla,19,2003,3.6,138,182,75.8,1981,685,75,83,90.4,54,73,74.0,3,13,23.1,1,0.3,0.3,0.7,2,4,1,1,10
613,Jadon Sancho,eng ENG,FW,Dortmund,23,2000,6.2,215,273,78.8,3037,835,129,152,84.9,68,85,80.0,9,13,69.2,0,0.8,1.1,-0.8,9,9,14,2,31
614,Leroy Sané,de GER,FW,Bayern Munich,27,1996,10.2,270,340,79.4,3909,713,163,186,87.6,82,103,79.6,16,29,55.2,1,1.9,1.8,-0.9,17,8,15,1,30
615,Zaidu Sanusi,ng NGA,DF,Porto,26,1997,3.4,138,172,80.2,2174,719,68,76,89.5,56,68,82.4,8,15,53.3,0,0.2,0.5,-0.2,3,8,6,1,14
616,Bouna Sarr,sn SEN,DF,Bayern Munich,31,1992,0.1,7,7,100.0,120,17,3,3,100.0,2,2,100.0,2,2,100.0,0,0.0,0.0,0.0,0,0,0,0,0
617,Leo Sauer,sk SVK,"MF,FW",Feyenoord,17,2005,0.2,11,11,100.0,178,30,4,4,100.0,7,7,100.0,0,0,0.0,0,0.0,0.0,0.0,0,0,1,0,2
618,Stefan Savić,me MNE,DF,Atlético Madrid,32,1991,4.6,257,289,88.9,4498,1843,108,111,97.3,128,135,94.8,18,35,51.4,0,0.0,0.0,0.0,1,15,0,0,15
619,Liam Scales,ie IRL,DF,Celtic,24,1998,6.0,519,583,89.0,10289,3166,155,167,92.8,306,331,92.4,56,77,72.7,0,0.1,0.2,-0.1,3,20,1,0,18
620,Fabian Schär,ch SUI,DF,Newcastle Utd,31,1991,6.0,247,285,86.7,5217,2146,74,80,92.5,138,145,95.2,33,56,58.9,0,0.0,0.1,0.0,0,20,2,0,21
621,Alexander Schlager,at AUT,GK,RB Salzburg,27,1996,6.0,197,256,77.0,5607,3734,28,28,100.0,99,102,97.1,70,126,55.6,0,0.0,0.0,0.0,0,3,0,0,0
622,Xaver Schlager,at AUT,MF,RB Leipzig,25,1997,6.9,294,350,84.0,4285,1254,180,194,92.8,98,115,85.2,11,19,57.9,2,0.8,0.3,1.2,12,31,4,1,27
624,Nico Schlotterbeck,de GER,DF,Dortmund,23,1999,10.8,568,672,84.5,11391,5148,211,224,94.2,282,310,91.0,73,123,59.3,2,0.7,0.5,1.3,4,55,3,1,45
625,Jerdy Schouten,nl NED,"MF,DF",PSV Eindhoven,26,1997,6.9,332,367,90.5,5623,1931,147,158,93.0,136,145,93.8,32,37,86.5,0,0.3,0.3,-0.3,8,28,1,0,29
626,Nicolas Seiwald,at AUT,MF,RB Leipzig,22,2001,3.0,60,79,75.9,953,265,36,37,97.3,20,24,83.3,4,11,36.4,0,0.0,0.0,0.0,2,5,0,0,4
627,Benjamin Šeško,si SVN,FW,RB Leipzig,20,2003,4.5,63,88,71.6,766,144,40,56,71.4,12,18,66.7,3,4,75.0,0,0.1,0.1,-0.1,2,2,4,1,6
628,Luke Shaw,eng ENG,DF,Manchester Utd,28,1995,1.5,47,66,71.2,880,448,26,28,92.9,12,20,60.0,8,16,50.0,1,0.1,0.2,0.9,2,6,2,1,6
629,Maryan Shved,ua UKR,FW,Shakhtar,26,1997,0.1,1,1,100.0,2,0,0,0,0.0,0,0,0.0,0,0,0.0,0,0.0,0.0,0.0,0,0,0,0,0
630,Danylo Sikan,ua UKR,FW,Shakhtar,22,2001,5.3,75,101,74.3,1045,161,46,52,88.5,23,31,74.2,1,4,25.0,0,0.2,0.1,-0.2,6,5,2,0,7
631,André Silva,pt POR,FW,Real Sociedad,27,1995,1.0,20,27,74.1,266,22,9,10,90.0,9,11,81.8,0,1,0.0,0,0.2,0.0,-0.2,2,4,0,0,2
632,António Silva,pt POR,DF,Benfica,19,2003,3.1,111,125,88.8,1877,631,50,53,94.3,51,54,94.4,6,11,54.5,0,0.0,0.1,0.0,1,5,1,0,4
633,Bernardo Silva,pt POR,"FW,MF",Manchester City,28,1994,5.9,319,360,88.6,4787,896,182,198,91.9,116,131,88.5,15,19,78.9,0,1.7,2.3,-1.7,11,12,14,3,35
634,Rafa Silva,pt POR,"MF,FW",Benfica,30,1993,5.6,141,179,78.8,1827,369,91,107,85.0,33,46,71.7,6,7,85.7,0,0.4,0.6,-0.4,6,9,6,0,18
635,Mohamed Simakan,fr FRA,DF,RB Leipzig,23,2000,6.6,262,321,81.6,4632,1538,112,131,85.5,119,138,86.2,24,42,57.1,0,0.0,0.1,0.0,0,10,5,1,17
636,Giovanni Simeone,ar ARG,FW,Napoli,28,1995,1.1,17,26,65.4,260,12,9,14,64.3,5,9,55.6,2,2,100.0,0,0.0,0.0,0.0,0,0,0,0,1
637,Roko Simic,hr CRO,FW,RB Salzburg,19,2003,3.8,33,54,61.1,373,85,22,31,71.0,7,13,53.8,0,0,0.0,1,1.0,0.6,0.0,4,1,2,0,4
638,Xavi Simons,nl NED,"MF,FW",RB Leipzig,20,2003,6.6,232,299,77.6,3546,928,128,153,83.7,69,87,79.3,20,30,66.7,2,1.5,1.3,0.5,19,22,13,1,31
639,Leo Skiri Østigård,no NOR,DF,Napoli,23,1999,2.1,78,93,83.9,1599,665,24,27,88.9,43,49,87.8,11,15,73.3,0,0.1,0.0,-0.1,2,4,0,0,6
640,Milan Škriniar,sk SVK,DF,Paris S-G,28,1995,6.0,467,499,93.6,9469,2897,118,130,90.8,290,299,97.0,52,62,83.9,0,0.1,0.1,-0.1,2,28,1,0,29
641,Emile Smith Rowe,eng ENG,MF,Arsenal,23,2000,0.5,34,39,87.2,461,95,20,22,90.9,10,12,83.3,1,1,100.0,0,0.1,0.1,-0.1,2,4,2,0,5
642,Cédric Soares,pt POR,DF,Arsenal,31,1991,0.7,26,36,72.2,437,166,12,15,80.0,13,16,81.3,1,4,25.0,0,0.1,0.1,-0.1,1,1,1,1,1
643,Carlos Soler,es ESP,"MF,FW",Paris S-G,26,1997,0.1,2,2,100.0,23,8,2,2,100.0,0,0,0.0,0,0,0.0,0,0.0,0.0,0.0,0,0,0,0,0
644,Oumar Solet,fr FRA,DF,RB Salzburg,23,2000,1.7,96,112,85.7,2001,791,31,34,91.2,45,51,88.2,17,22,77.3,0,0.0,0.0,0.0,0,5,1,0,10
645,Yann Sommer,ch SUI,GK,Inter,34,1988,7.3,270,320,84.4,5769,3367,78,79,98.7,154,156,98.7,37,84,44.0,0,0.0,0.0,0.0,0,1,0,0,0
646,Florian Sotoca,fr FRA,MF,Lens,32,1990,5.2,132,208,63.5,2159,676,73,102,71.6,39,61,63.9,13,23,56.5,1,0.9,0.8,0.1,5,22,5,0,27
647,Boubakary Soumaré,fr FRA,MF,Sevilla,24,1999,2.4,142,153,92.8,2353,602,69,74,93.2,58,62,93.5,12,14,85.7,0,0.0,0.2,0.0,0,12,2,0,12
648,Djibril Sow,ch SUI,MF,Sevilla,26,1997,4.1,120,141,85.1,2030,325,52,60,86.7,55,60,91.7,10,12,83.3,0,0.0,0.1,0.0,0,11,0,0,12
650,Çağlar Söyüncü,tr TUR,DF,Atlético Madrid,27,1996,0.7,52,55,94.5,887,285,23,23,100.0,26,26,100.0,3,5,60.0,0,0.1,0.0,-0.1,1,1,0,0,0
651,Uroš Spajić,rs SRB,DF,Red Star,30,1993,0.7,12,14,85.7,233,39,2,2,100.0,10,10,100.0,0,2,0.0,0,0.0,0.0,0.0,0,0,0,0,0
652,Marco Sportiello,it ITA,GK,Milan,31,1992,0.1,6,7,85.7,210,191,0,0,0.0,4,4,100.0,2,3,66.7,0,0.0,0.0,0.0,0,0,0,0,0
653,Marko Stamenic,nz NZL,MF,Red Star,21,2002,3.3,58,80,72.5,986,337,30,35,85.7,18,27,66.7,9,13,69.2,0,0.0,0.0,0.0,0,9,0,0,8
654,Orri Steinn Óskarsson,is ISL,FW,FC Copenhagen,18,2004,1.6,21,33,63.6,176,25,15,20,75.0,1,5,20.0,0,0,0.0,1,0.5,0.1,0.5,1,1,0,0,2
655,Calvin Stengs,nl NED,"FW,MF",Feyenoord,24,1998,5.2,183,260,70.4,3165,1018,93,110,84.5,60,86,69.8,23,41,56.1,1,1.7,1.9,-0.7,17,20,17,1,46
656,Taras Stepanenko,ua UKR,MF,Shakhtar,33,1989,5.5,194,233,83.3,2812,834,123,129,95.3,61,69,88.4,7,19,36.8,1,0.1,0.1,0.9,2,15,2,0,18
657,John Stones,eng ENG,"DF,MF",Manchester City,29,1994,3.8,292,307,95.1,4649,1317,139,146,95.2,134,136,98.5,16,18,88.9,1,0.1,0.1,0.9,1,24,0,0,23
658,Luka Sučić,hr CRO,"FW,MF",RB Salzburg,20,2002,4.4,127,175,72.6,2150,832,65,78,83.3,44,54,81.5,14,30,46.7,0,0.5,0.7,-0.5,6,22,7,0,27
659,Heorhiy Sudakov,ua UKR,MF,Shakhtar,20,2002,6.0,232,295,78.6,4018,1212,118,132,89.4,76,97,78.4,29,45,64.4,0,0.4,0.4,-0.4,10,32,6,0,33
660,Niklas Süle,de GER,DF,Dortmund,27,1995,4.4,136,166,81.9,2533,968,57,62,91.9,63,75,84.0,16,21,76.2,0,0.1,0.2,-0.1,2,9,4,2,17
661,Suso,es ESP,MF,Sevilla,29,1993,0.9,24,28,85.7,362,107,14,14,100.0,8,12,66.7,1,1,100.0,0,0.0,0.0,0.0,0,3,0,0,1
662,Mahamadou Susoho,es ESP,MF,Manchester City,18,2005,0.2,14,15,93.3,178,34,10,11,90.9,3,3,100.0,1,1,100.0,0,0.0,0.0,0.0,0,2,0,0,1
663,Christian Sørensen,dk DEN,DF,FC Copenhagen,30,1992,0.5,43,58,74.1,666,270,23,28,82.1,16,20,80.0,3,7,42.9,0,0.1,0.2,-0.1,1,6,4,2,6
664,Mehdi Taremi,ir IRN,FW,Porto,31,1992,6.1,105,144,72.9,1492,414,68,88,77.3,25,33,75.8,6,9,66.7,2,1.0,1.0,1.0,8,13,4,0,13
665,Matt Targett,eng ENG,DF,Newcastle Utd,27,1995,0.2,25,30,83.3,369,160,13,16,81.3,11,11,100.0,0,0,0.0,0,0.1,0.1,-0.1,1,2,1,0,5
666,Greg Taylor,sct SCO,DF,Celtic,25,1997,6.0,397,467,85.0,6244,2565,213,231,92.2,161,182,88.5,21,39,53.8,0,0.2,0.6,-0.2,3,33,7,2,50
667,Aurélien Tchouaméni,fr FRA,"MF,DF",Real Madrid,23,2000,6.7,384,417,92.1,6625,2059,159,165,96.4,195,212,92.0,21,29,72.4,0,0.1,0.2,-0.1,4,43,2,1,35
668,Mathys Tel,fr FRA,"FW,MF",Bayern Munich,18,2005,1.6,55,69,79.7,1023,245,19,24,79.2,29,33,87.9,6,8,75.0,1,0.9,1.1,0.1,4,6,2,1,7
669,Casper Tengstedt,dk DEN,FW,Benfica,23,2000,1.5,14,24,58.3,237,61,8,12,66.7,4,7,57.1,2,2,100.0,1,0.4,0.1,0.6,2,1,2,0,5
670,Marc-André ter Stegen,de GER,GK,Barcelona,31,1992,8.0,236,292,80.8,6379,4469,28,28,100.0,127,128,99.2,80,135,59.3,0,0.0,0.0,0.0,0,4,0,0,2
671,Aleksa Terzić,rs SRB,DF,RB Salzburg,23,1999,2.0,62,100,62.0,1029,565,32,40,80.0,21,34,61.8,6,17,35.3,0,0.1,0.3,-0.1,4,2,6,5,2
672,Tetê,br BRA,FW,Galatasaray,23,2000,2.5,73,118,61.9,1193,243,39,48,81.3,28,45,62.2,6,14,42.9,0,0.1,0.2,-0.1,3,5,3,2,10
673,Jordan Teze,nl NED,DF,PSV Eindhoven,23,1999,8.0,376,460,81.7,6541,2105,176,186,94.6,161,198,81.3,35,56,62.5,0,0.9,1.2,-0.9,13,47,8,4,52
674,Odin Thiago Holm,no NOR,MF,Celtic,20,2003,0.6,11,13,84.6,144,35,8,10,80.0,3,3,100.0,0,0,0.0,0,0.0,0.0,0.0,0,1,0,0,1
676,Malick Thiaw,de GER,DF,Milan,21,2001,4.1,146,162,90.1,3069,1081,42,45,93.3,79,83,95.2,24,32,75.0,0,0.0,0.0,0.0,0,13,1,0,17
677,Adrien Thomasson,fr FRA,MF,Lens,29,1993,2.5,79,109,72.5,1283,333,43,52,82.7,28,35,80.0,6,13,46.2,0,0.3,0.3,-0.3,4,9,1,0,10
678,Marcus Thuram,fr FRA,FW,Inter,25,1997,5.1,71,101,70.3,818,238,47,65,72.3,18,24,75.0,2,3,66.7,0,1.0,0.7,-1.0,9,2,3,0,12
679,Kieran Tierney,sct SCO,DF,Real Sociedad,26,1997,0.7,25,34,73.5,485,216,8,8,100.0,15,20,75.0,2,6,33.3,0,0.1,0.0,-0.1,1,3,1,0,5
680,Guus Til,nl NED,MF,PSV Eindhoven,25,1997,2.0,31,41,75.6,406,130,18,19,94.7,9,12,75.0,1,3,33.3,0,0.1,0.1,-0.1,2,2,1,0,6
681,Malik Tillman,us USA,MF,PSV Eindhoven,21,2002,5.6,132,173,76.3,1917,444,78,92,84.8,43,53,81.1,6,14,42.9,1,0.5,0.9,0.5,8,14,6,0,23
682,Quinten Timber,nl NED,MF,Feyenoord,22,2001,5.1,117,147,79.6,1783,495,55,65,84.6,47,52,90.4,8,11,72.7,1,1.0,0.6,0.0,6,10,8,0,23
683,Takehiro Tomiyasu,jp JPN,DF,Arsenal,24,1998,4.3,203,245,82.9,3028,1043,113,127,89.0,72,89,80.9,11,18,61.1,2,0.6,0.6,1.4,6,30,2,1,28
684,Fikayo Tomori,eng ENG,DF,Milan,25,1997,6.0,230,260,88.5,4351,1876,72,76,94.7,137,144,95.1,16,29,55.2,0,0.0,0.0,0.0,1,15,0,0,20
685,Sandro Tonali,it ITA,MF,Newcastle Utd,23,2000,1.8,27,46,58.7,424,173,13,20,65.0,8,15,53.3,3,7,42.9,0,0.0,0.0,0.0,1,2,1,0,6
686,Lucas Torreira,uy URU,MF,Galatasaray,27,1996,5.5,274,315,87.0,4459,1467,127,141,90.1,119,131,90.8,18,24,75.0,0,0.5,0.8,-0.5,5,26,5,1,32
687,Ferrán Torres,es ESP,FW,Barcelona,23,2000,4.2,116,159,73.0,2044,442,53,68,77.9,47,60,78.3,12,19,63.2,1,0.5,0.3,0.5,7,7,9,2,20
688,Óliver Torres,es ESP,"FW,MF",Sevilla,28,1994,1.1,47,66,71.2,656,118,25,30,83.3,22,32,68.8,0,3,0.0,0,0.1,0.1,-0.1,2,5,0,0,6
689,Lucas Tousart,fr FRA,MF,Union Berlin,26,1997,2.6,41,66,62.1,626,150,22,27,81.5,17,25,68.0,1,5,20.0,1,0.3,0.0,0.7,2,2,0,0,6
690,Chaka Traorè,ci CIV,MF,Milan,18,2004,0.2,6,7,85.7,87,18,5,5,100.0,0,0,0.0,1,1,100.0,0,0.1,0.0,-0.1,1,0,0,0,0
691,Hamari Traoré,ml MLI,DF,Real Sociedad,31,1992,5.9,291,361,80.6,5327,1913,114,134,85.1,143,167,85.6,29,47,61.7,0,0.2,0.2,-0.2,6,31,3,1,32
692,Gernot Trauner,at AUT,DF,Feyenoord,31,1992,3.1,287,304,94.4,4985,2062,119,121,98.3,148,151,98.0,17,25,68.0,0,0.2,0.1,-0.2,3,7,1,0,16
693,Christopher Trimmel,at AUT,"FW,DF",Union Berlin,36,1987,1.4,48,69,69.6,859,399,24,27,88.9,17,19,89.5,6,18,33.3,0,0.1,0.1,-0.1,2,7,2,1,8
694,Kieran Trippier,eng ENG,DF,Newcastle Utd,32,1990,5.7,306,399,76.7,5982,2375,123,142,86.6,133,152,87.5,50,93,53.8,1,0.6,1.4,0.4,8,27,13,1,42
695,Leandro Trossard,be BEL,FW,Arsenal,28,1994,5.9,121,160,75.6,1979,529,59,68,86.8,42,48,87.5,14,22,63.6,1,0.8,0.8,0.2,10,8,8,3,18
696,Anatolii Trubin,ua UKR,GK,Benfica,21,2001,6.0,155,195,79.5,3850,2729,42,42,100.0,74,78,94.9,38,74,51.4,0,0.0,0.0,0.0,0,2,0,0,0
697,David Turnbull,sct SCO,"MF,FW",Celtic,24,1999,0.4,6,9,66.7,74,0,2,5,40.0,3,3,100.0,0,0,0.0,0,0.0,0.0,0.0,0,0,0,0,0
698,Beñat Turrientes,es ESP,MF,Real Sociedad,21,2002,2.1,73,94,77.7,1107,213,39,45,86.7,23,28,82.1,6,8,75.0,0,0.2,0.2,-0.2,4,9,2,0,7
699,Ayase Ueda,jp JPN,FW,Feyenoord,24,1998,1.7,19,28,67.9,247,46,10,15,66.7,7,9,77.8,0,0,0.0,0,0.0,0.2,0.0,1,2,0,0,2
700,Manuel Ugarte Ribeiro,uy URU,MF,Paris S-G,22,2001,4.3,230,253,90.9,4418,778,67,73,91.8,136,141,96.5,20,29,69.0,0,0.0,0.1,0.0,0,21,0,0,14
702,Filip Ugrinic,ch SUI,MF,Young Boys,24,1999,5.7,178,206,86.4,2791,747,100,108,92.6,55,61,90.2,15,23,65.2,1,0.6,0.5,0.4,9,12,0,0,15
703,Andreas Ulmer,at AUT,DF,RB Salzburg,37,1985,2.4,76,98,77.6,1302,406,32,38,84.2,38,45,84.4,4,10,40.0,0,0.2,0.2,-0.2,3,5,3,2,4
704,Sven Ulreich,de GER,GK,Bayern Munich,34,1988,3.0,109,137,79.6,2529,1598,30,30,100.0,54,54,100.0,25,53,47.2,0,0.0,0.0,0.0,0,4,0,0,0
705,Dayot Upamecano,fr FRA,DF,Bayern Munich,24,1998,5.5,505,542,93.2,10530,3331,120,130,92.3,327,334,97.9,57,71,80.3,0,0.0,0.1,0.0,1,55,1,0,41
706,Anthony Valencia,ec ECU,"MF,FW",Antwerp,20,2003,0.4,9,13,69.2,162,16,6,6,100.0,1,5,20.0,2,2,100.0,0,0.0,0.0,0.0,0,3,0,0,0
707,Federico Valverde,uy URU,"MF,FW",Real Madrid,25,1998,11.9,552,622,88.7,8618,2279,318,337,94.4,177,194,91.2,42,58,72.4,0,0.3,0.8,-0.3,7,55,10,0,66
708,Zeno Van den Bosch,be BEL,DF,Antwerp,20,2003,1.0,35,43,81.4,737,211,11,11,100.0,17,18,94.4,6,9,66.7,0,0.0,0.0,0.0,0,2,0,0,2
709,Raphaël Varane,fr FRA,DF,Manchester Utd,30,1993,3.7,205,233,88.0,3738,1270,77,85,90.6,116,123,94.3,10,20,50.0,0,0.0,0.0,0.0,0,10,0,0,15
710,Alan Varela,ar ARG,MF,Porto,22,2001,7.8,328,366,89.6,5517,1440,145,158,91.8,149,157,94.9,23,34,67.6,0,0.0,0.6,0.0,0,35,4,0,37
711,Denis Vavro,sk SVK,DF,FC Copenhagen,27,1996,7.9,316,387,81.7,6357,2311,99,111,89.2,176,201,87.6,38,68,55.9,0,0.0,0.1,0.0,0,20,1,0,22
712,Lucas Vázquez,es ESP,DF,Real Madrid,32,1991,4.2,280,327,85.6,4183,924,158,172,91.9,102,113,90.3,15,25,60.0,1,1.3,1.5,-0.3,10,12,8,3,14
713,Matías Vecino,uy URU,MF,Lazio,31,1991,5.2,213,247,86.2,3603,1022,102,108,94.4,91,101,90.1,15,22,68.2,0,0.1,0.2,-0.1,2,25,3,0,23
714,Joey Veerman,nl NED,MF,PSV Eindhoven,24,1998,6.4,348,454,76.7,6618,2535,139,163,85.3,139,157,88.5,56,95,58.9,0,1.0,1.5,-1.0,18,50,9,3,63
715,Arthur Vermeeren,be BEL,MF,Antwerp,18,2005,6.0,177,203,87.2,2899,800,81,91,89.0,74,79,93.7,15,17,88.2,2,0.6,0.4,1.4,5,17,4,0,25
716,Yorbe Vertessen,be BEL,FW,PSV Eindhoven,22,2001,1.8,37,51,72.5,416,81,26,30,86.7,9,15,60.0,0,1,0.0,1,0.1,0.2,0.9,2,2,2,1,2
717,Fabio Vieira,pt POR,FW,Arsenal,23,2000,1.0,43,53,81.1,759,120,17,19,89.5,21,23,91.3,4,8,50.0,0,0.1,0.1,-0.1,2,5,3,0,5
718,Vitinha,pt POR,MF,Paris S-G,23,2000,10.2,679,735,92.4,12214,2800,286,306,93.5,287,302,95.0,82,96,85.4,1,2.1,1.7,-1.1,19,85,18,1,83
719,Kevin Volland,de GER,"FW,MF",Union Berlin,31,1992,2.6,28,48,58.3,436,143,16,25,64.0,8,15,53.3,3,6,50.0,0,0.4,0.4,-0.4,3,2,4,1,8
720,Stefan de Vrij,nl NED,DF,Inter,31,1992,5.5,395,422,93.6,7120,2130,136,143,95.1,230,242,95.0,21,28,75.0,0,0.1,0.4,-0.1,1,17,1,0,14
721,Elye Wahi,fr FRA,FW,Lens,20,2003,5.1,56,74,75.7,689,68,37,44,84.1,12,16,75.0,2,2,100.0,1,0.1,0.2,0.9,2,0,4,1,4
722,Kyle Walker,eng ENG,DF,Manchester City,33,1990,5.6,465,516,90.1,8003,2002,209,219,95.4,210,230,91.3,42,52,80.8,0,0.3,0.4,-0.3,5,62,3,1,34
723,Aaron Wan-Bissaka,eng ENG,DF,Manchester Utd,25,1997,2.4,103,115,89.6,1330,459,67,70,95.7,26,29,89.7,4,8,50.0,1,0.5,0.2,0.5,2,4,1,0,10
724,Timon Wellenreuther,de GER,GK,Feyenoord,27,1995,2.0,64,71,90.1,1234,745,19,19,100.0,40,40,100.0,5,11,45.5,0,0.0,0.0,0.0,0,1,0,0,0
725,Stephen Welsh,sct SCO,DF,Celtic,23,2000,0.8,51,57,89.5,931,337,19,20,95.0,26,30,86.7,5,6,83.3,0,0.0,0.0,0.0,0,3,0,0,1
726,Wendell,br BRA,DF,Porto,30,1993,4.3,160,199,80.4,2522,570,78,87,89.7,67,78,85.9,10,21,47.6,0,0.0,0.1,0.0,1,7,0,0,8
728,Timo Werner,de GER,"FW,MF",RB Leipzig,27,1996,0.6,14,23,60.9,137,14,10,14,71.4,2,4,50.0,0,0,0.0,0,0.0,0.0,0.0,0,0,0,0,0
729,Ben White,eng ENG,DF,Arsenal,25,1997,8.4,453,530,85.5,6689,2486,243,266,91.4,185,207,89.4,10,30,33.3,1,0.7,0.8,0.3,3,39,6,0,51
730,Mats Wieffer,nl NED,MF,Feyenoord,23,1999,5.2,307,357,86.0,5293,1329,134,147,91.2,145,159,91.2,22,35,62.9,1,0.2,0.2,0.8,4,33,4,0,36
731,Owen Wijndal,nl NED,DF,Antwerp,23,1999,5.0,161,199,80.9,2392,660,88,95,92.6,65,77,84.4,3,13,23.1,0,0.0,0.1,0.0,0,4,1,1,7
732,Joe Willock,eng ENG,MF,Newcastle Utd,23,1999,1.1,35,42,83.3,458,106,23,25,92.0,12,13,92.3,0,1,0.0,0,0.0,0.0,0.0,0,3,0,0,3
733,Callum Wilson,eng ENG,FW,Newcastle Utd,31,1992,2.7,18,22,81.8,255,27,9,11,81.8,7,7,100.0,0,0,0.0,0,0.1,0.1,-0.1,1,0,1,0,1
734,Axel Witsel,be BEL,"DF,MF",Atlético Madrid,34,1989,9.8,536,564,95.0,9271,3399,238,248,96.0,244,251,97.2,44,51,86.3,0,0.1,0.1,-0.1,1,31,1,0,28
735,Marius Wolf,de GER,"DF,FW",Dortmund,28,1995,3.2,72,108,66.7,1169,490,34,46,73.9,28,38,73.7,7,12,58.3,0,0.4,0.1,-0.4,3,9,4,0,10
736,Jacob Wright,eng ENG,FW,Manchester City,17,2005,0.0,8,8,100.0,117,21,4,4,100.0,4,4,100.0,0,0,0.0,0,0.0,0.0,0.0,0,0,0,0,0
737,Lamine Yamal,es ESP,FW,Barcelona,16,2007,6.4,201,265,75.8,3163,634,114,138,82.6,71,97,73.2,14,19,73.7,2,2.1,2.0,-0.1,11,4,11,0,20
738,Alhassan Yusuf,ng NGA,MF,Antwerp,23,2000,4.2,145,176,82.4,2222,584,73,81,90.1,60,67,89.6,7,10,70.0,1,0.2,0.2,0.8,2,12,4,0,23
739,Mattia Zaccagni,it ITA,FW,Lazio,28,1995,5.1,140,180,77.8,1979,317,96,111,86.5,40,47,85.1,4,9,44.4,0,0.1,0.3,-0.1,3,3,5,2,11
740,Wilfried Zaha,ci CIV,FW,Galatasaray,30,1992,4.4,76,101,75.2,1059,174,50,58,86.2,17,24,70.8,5,10,50.0,1,0.3,0.5,0.7,5,3,3,2,8
741,Warren Zaïre-Emery,fr FRA,MF,Paris S-G,17,2006,10.0,469,513,91.4,7120,1517,245,264,92.8,166,180,92.2,28,32,87.5,3,1.3,1.0,1.7,12,31,6,0,41
742,Arsen Zakharyan,ru RUS,"FW,MF",Real Sociedad,20,2003,2.4,94,123,76.4,1521,325,49,61,80.3,32,35,91.4,9,18,50.0,0,0.1,0.3,-0.1,4,5,2,0,13
743,Rodrigo Zalazar,uy URU,MF,Braga,23,1999,4.4,240,290,82.8,4547,1355,96,104,92.3,98,109,89.9,36,59,61.0,1,1.2,1.9,-0.2,10,31,4,1,32
744,Andre-Frank Zambo Anguissa,cm CMR,MF,Napoli,27,1995,7.0,331,378,87.6,4477,1165,214,234,91.5,94,105,89.5,10,14,71.4,1,0.6,0.4,0.4,5,26,7,1,37
745,Alessandro Zanoli,it ITA,DF,Napoli,22,2000,0.0,5,5,100.0,58,22,4,4,100.0,1,1,100.0,0,0,0.0,0,0.0,0.0,0.0,0,0,0,0,0
746,Ramiz Zerrouki,dz ALG,MF,Feyenoord,25,1998,3.9,196,229,85.6,3304,883,95,105,90.5,82,90,91.1,18,26,69.2,0,0.1,0.4,-0.1,3,22,4,1,21
747,Piotr Zieliński,pl POL,MF,Napoli,29,1994,5.2,252,312,80.8,3622,1024,147,164,89.6,76,93,81.7,17,38,44.7,0,0.6,1.0,-0.6,10,23,7,2,37
748,Oleksandr Zinchenko,ua UKR,DF,Arsenal,26,1996,3.1,231,257,89.9,3929,1018,112,121,92.6,95,103,92.2,20,26,76.9,0,0.2,0.2,-0.2,1,19,4,0,29
749,Hakim Ziyech,ma MAR,FW,Galatasaray,30,1993,2.8,88,142,62.0,1181,418,54,64,84.4,24,42,57.1,4,16,25.0,1,0.5,1.1,0.5,7,8,9,5,13
750,Igor Zubeldia,es ESP,DF,Real Sociedad,26,1997,7.7,373,429,86.9,7925,2494,82,100,82.0,240,256,93.8,46,64,71.9,0,0.1,0.1,-0.1,1,19,1,0,33
751,Martín Zubimendi,es ESP,MF,Real Sociedad,24,1999,7.9,387,444,87.2,6645,1638,168,190,88.4,187,207,90.3,25,31,80.6,0,0.2,0.8,-0.2,5,37,3,0,43
752,Oleksandr Zubkov,ua UKR,"FW,MF",Shakhtar,26,1996,5.9,154,211,73.0,2591,678,78,93,83.9,55,71,77.5,16,30,53.3,2,2.0,0.8,0.0,9,11,11,1,23
754,Martin Ødegaard,no NOR,MF,Arsenal,24,1998,8.3,342,396,86.4,5374,1292,173,189,91.5,131,145,90.3,22,32,68.8,1,0.9,1.2,0.1,10,33,13,0,53
755,Łukasz Łakomy,pl POL,MF,Young Boys,22,2001,0.2,10,15,66.7,154,31,6,7,85.7,3,4,75.0,1,1,100.0,0,0.0,0.0,0.0,0,2,0,0,0
